STRUCTURE,STRUCTURE_ID,STRUCTURE_NAME,freq,Time frequency,unit,Unit of measure,geo,Geopolitical entity (reporting),TIME_PERIOD,Time,OBS_VALUE,Observation value,OBS_FLAG,Observation status (Flag) V2 structure,CONF_STATUS,Confidentiality status (flag)
dataflow,ESTAT:ROAD_EQS_CARHAB$DEFAULTVIEW(1.0),Passenger cars - per thousand inhabitants,A,Annual,NR,Number,AL,Albania,2015,,140,,,,,
dataflow,ESTAT:ROAD_EQS_CARHAB$DEFAULTVIEW(1.0),Passenger cars - per thousand inhabitants,A,Annual,NR,Number,AL,Albania,2016,,151,,,,,
dataflow,ESTAT:ROAD_EQS_CARHAB$DEFAULTVIEW(1.0),Passenger cars - per thousand inhabitants,A,Annual,NR,Number,AL,Albania,2017,,145,,,,,
dataflow,ESTAT:ROAD_EQS_CARHAB$DEFAULTVIEW(1.0),Passenger cars - per thousand inhabitants,A,Annual,NR,Number,AL,Albania,2018,,161,,,,,
dataflow,ESTAT:ROAD_EQS_CARHAB$DEFAULTVIEW(1.0),Passenger cars - per thousand inhabitants,A,Annual,NR,Number,AL,Albania,2019,,176,,,,,
dataflow,ESTAT:ROAD_EQS_CARHAB$DEFAULTVIEW(1.0),Passenger cars - per thousand inhabitants,A,Annual,NR,Number,AL,Albania,2020,,191,,,,,
dataflow,ESTAT:ROAD_EQS_CARHAB$DEFAULTVIEW(1.0),Passenger cars - per thousand inhabitants,A,Annual,NR,Number,AL,Albania,2021,,212,,,,,
dataflow,ESTAT:ROAD_EQS_CARHAB$DEFAULTVIEW(1.0),Passenger cars - per thousand inhabitants,A,Annual,NR,Number,AL,Albania,2022,,232,,,,,
dataflow,ESTAT:ROAD_EQS_CARHAB$DEFAULTVIEW(1.0),Passenger cars - per thousand inhabitants,A,Annual,NR,Number,AL,Albania,2023,,292,,,,,
dataflow,ESTAT:ROAD_EQS_CARHAB$DEFAULTVIEW(1.0),Passenger cars - per thousand inhabitants,A,Annual,NR,Number,AL,Albania,2024,,328,,,,,
dataflow,ESTAT:ROAD_EQS_CARHAB$DEFAULTVIEW(1.0),Passenger cars - per thousand inhabitants,A,Annual,NR,Number,AT,Austria,2015,,546,,,,,
dataflow,ESTAT:ROAD_EQS_CARHAB$DEFAULTVIEW(1.0),Passenger cars - per thousand inhabitants,A,Annual,NR,Number,AT,Austria,2016,,550,,,,,
dataflow,ESTAT:ROAD_EQS_CARHAB$DEFAULTVIEW(1.0),Passenger cars - per thousand inhabitants,A,Annual,NR,Number,AT,Austria,2017,,555,,,,,
dataflow,ESTAT:ROAD_EQS_CARHAB$DEFAULTVIEW(1.0),Passenger cars - per thousand inhabitants,A,Annual,NR,Number,AT,Austria,2018,,562,,,,,
dataflow,ESTAT:ROAD_EQS_CARHAB$DEFAULTVIEW(1.0),Passenger cars - per thousand inhabitants,A,Annual,NR,Number,AT,Austria,2019,,566,,,,,
dataflow,ESTAT:ROAD_EQS_CARHAB$DEFAULTVIEW(1.0),Passenger cars - per thousand inhabitants,A,Annual,NR,Number,AT,Austria,2020,,570,,,,,
dataflow,ESTAT:ROAD_EQS_CARHAB$DEFAULTVIEW(1.0),Passenger cars - per thousand inhabitants,A,Annual,NR,Number,AT,Austria,2021,,572,,,,,
dataflow,ESTAT:ROAD_EQS_CARHAB$DEFAULTVIEW(1.0),Passenger cars - per thousand inhabitants,A,Annual,NR,Number,AT,Austria,2022,,566,,,,,
dataflow,ESTAT:ROAD_EQS_CARHAB$DEFAULTVIEW(1.0),Passenger cars - per thousand inhabitants,A,Annual,NR,Number,AT,Austria,2023,,566,,,,,
dataflow,ESTAT:ROAD_EQS_CARHAB$DEFAULTVIEW(1.0),Passenger cars - per thousand inhabitants,A,Annual,NR,Number,AT,Austria,2024,,569,,,,,
dataflow,ESTAT:ROAD_EQS_CARHAB$DEFAULTVIEW(1.0),Passenger cars - per thousand inhabitants,A,Annual,NR,Number,BA,Bosnia and Herzegovina,2015,,235,,,,,
dataflow,ESTAT:ROAD_EQS_CARHAB$DEFAULTVIEW(1.0),Passenger cars - per thousand inhabitants,A,Annual,NR,Number,BA,Bosnia and Herzegovina,2016,,245,,,,,
dataflow,ESTAT:ROAD_EQS_CARHAB$DEFAULTVIEW(1.0),Passenger cars - per thousand inhabitants,A,Annual,NR,Number,BA,Bosnia and Herzegovina,2017,,252,,,,,
dataflow,ESTAT:ROAD_EQS_CARHAB$DEFAULTVIEW(1.0),Passenger cars - per thousand inhabitants,A,Annual,NR,Number,BA,Bosnia and Herzegovina,2018,,263,,p,provisional,,
dataflow,ESTAT:ROAD_EQS_CARHAB$DEFAULTVIEW(1.0),Passenger cars - per thousand inhabitants,A,Annual,NR,Number,BA,Bosnia and Herzegovina,2019,,269,,ip,"value imputed by Eurostat or other receiving agencies, provisional",,
dataflow,ESTAT:ROAD_EQS_CARHAB$DEFAULTVIEW(1.0),Passenger cars - per thousand inhabitants,A,Annual,NR,Number,BA,Bosnia and Herzegovina,2020,,268,,ip,"value imputed by Eurostat or other receiving agencies, provisional",,
dataflow,ESTAT:ROAD_EQS_CARHAB$DEFAULTVIEW(1.0),Passenger cars - per thousand inhabitants,A,Annual,NR,Number,BA,Bosnia and Herzegovina,2021,,284,,p,provisional,,
dataflow,ESTAT:ROAD_EQS_CARHAB$DEFAULTVIEW(1.0),Passenger cars - per thousand inhabitants,A,Annual,NR,Number,BA,Bosnia and Herzegovina,2022,,292,,p,provisional,,
dataflow,ESTAT:ROAD_EQS_CARHAB$DEFAULTVIEW(1.0),Passenger cars - per thousand inhabitants,A,Annual,NR,Number,BA,Bosnia and Herzegovina,2023,,306,,p,provisional,,
dataflow,ESTAT:ROAD_EQS_CARHAB$DEFAULTVIEW(1.0),Passenger cars - per thousand inhabitants,A,Annual,NR,Number,BA,Bosnia and Herzegovina,2024,,321,,p,provisional,,
dataflow,ESTAT:ROAD_EQS_CARHAB$DEFAULTVIEW(1.0),Passenger cars - per thousand inhabitants,A,Annual,NR,Number,BE,Belgium,2015,,501,,,,,
dataflow,ESTAT:ROAD_EQS_CARHAB$DEFAULTVIEW(1.0),Passenger cars - per thousand inhabitants,A,Annual,NR,Number,BE,Belgium,2016,,505,,,,,
dataflow,ESTAT:ROAD_EQS_CARHAB$DEFAULTVIEW(1.0),Passenger cars - per thousand inhabitants,A,Annual,NR,Number,BE,Belgium,2017,,509,,,,,
dataflow,ESTAT:ROAD_EQS_CARHAB$DEFAULTVIEW(1.0),Passenger cars - per thousand inhabitants,A,Annual,NR,Number,BE,Belgium,2018,,511,,,,,
dataflow,ESTAT:ROAD_EQS_CARHAB$DEFAULTVIEW(1.0),Passenger cars - per thousand inhabitants,A,Annual,NR,Number,BE,Belgium,2019,,510,,,,,
dataflow,ESTAT:ROAD_EQS_CARHAB$DEFAULTVIEW(1.0),Passenger cars - per thousand inhabitants,A,Annual,NR,Number,BE,Belgium,2020,,510,,,,,
dataflow,ESTAT:ROAD_EQS_CARHAB$DEFAULTVIEW(1.0),Passenger cars - per thousand inhabitants,A,Annual,NR,Number,BE,Belgium,2021,,510,,,,,
dataflow,ESTAT:ROAD_EQS_CARHAB$DEFAULTVIEW(1.0),Passenger cars - per thousand inhabitants,A,Annual,NR,Number,BE,Belgium,2022,,507,,,,,
dataflow,ESTAT:ROAD_EQS_CARHAB$DEFAULTVIEW(1.0),Passenger cars - per thousand inhabitants,A,Annual,NR,Number,BE,Belgium,2023,,512,,i,value imputed by Eurostat or other receiving agencies,,
dataflow,ESTAT:ROAD_EQS_CARHAB$DEFAULTVIEW(1.0),Passenger cars - per thousand inhabitants,A,Annual,NR,Number,BE,Belgium,2024,,513,,ip,"value imputed by Eurostat or other receiving agencies, provisional",,
dataflow,ESTAT:ROAD_EQS_CARHAB$DEFAULTVIEW(1.0),Passenger cars - per thousand inhabitants,A,Annual,NR,Number,BG,Bulgaria,2015,,456,,,,,
dataflow,ESTAT:ROAD_EQS_CARHAB$DEFAULTVIEW(1.0),Passenger cars - per thousand inhabitants,A,Annual,NR,Number,BG,Bulgaria,2016,,459,,,,,
dataflow,ESTAT:ROAD_EQS_CARHAB$DEFAULTVIEW(1.0),Passenger cars - per thousand inhabitants,A,Annual,NR,Number,BG,Bulgaria,2017,,410,,,,,
dataflow,ESTAT:ROAD_EQS_CARHAB$DEFAULTVIEW(1.0),Passenger cars - per thousand inhabitants,A,Annual,NR,Number,BG,Bulgaria,2018,,416,,,,,
dataflow,ESTAT:ROAD_EQS_CARHAB$DEFAULTVIEW(1.0),Passenger cars - per thousand inhabitants,A,Annual,NR,Number,BG,Bulgaria,2019,,431,,,,,
dataflow,ESTAT:ROAD_EQS_CARHAB$DEFAULTVIEW(1.0),Passenger cars - per thousand inhabitants,A,Annual,NR,Number,BG,Bulgaria,2020,,439,,,,,
dataflow,ESTAT:ROAD_EQS_CARHAB$DEFAULTVIEW(1.0),Passenger cars - per thousand inhabitants,A,Annual,NR,Number,BG,Bulgaria,2021,,437,,,,,
dataflow,ESTAT:ROAD_EQS_CARHAB$DEFAULTVIEW(1.0),Passenger cars - per thousand inhabitants,A,Annual,NR,Number,BG,Bulgaria,2022,,449,,,,,
dataflow,ESTAT:ROAD_EQS_CARHAB$DEFAULTVIEW(1.0),Passenger cars - per thousand inhabitants,A,Annual,NR,Number,BG,Bulgaria,2023,,466,,,,,
dataflow,ESTAT:ROAD_EQS_CARHAB$DEFAULTVIEW(1.0),Passenger cars - per thousand inhabitants,A,Annual,NR,Number,BG,Bulgaria,2024,,484,,,,,
dataflow,ESTAT:ROAD_EQS_CARHAB$DEFAULTVIEW(1.0),Passenger cars - per thousand inhabitants,A,Annual,NR,Number,CH,Switzerland,2015,,541,,,,,
dataflow,ESTAT:ROAD_EQS_CARHAB$DEFAULTVIEW(1.0),Passenger cars - per thousand inhabitants,A,Annual,NR,Number,CH,Switzerland,2016,,544,,,,,
dataflow,ESTAT:ROAD_EQS_CARHAB$DEFAULTVIEW(1.0),Passenger cars - per thousand inhabitants,A,Annual,NR,Number,CH,Switzerland,2017,,546,,,,,
dataflow,ESTAT:ROAD_EQS_CARHAB$DEFAULTVIEW(1.0),Passenger cars - per thousand inhabitants,A,Annual,NR,Number,CH,Switzerland,2018,,546,,,,,
dataflow,ESTAT:ROAD_EQS_CARHAB$DEFAULTVIEW(1.0),Passenger cars - per thousand inhabitants,A,Annual,NR,Number,CH,Switzerland,2019,,545,,,,,
dataflow,ESTAT:ROAD_EQS_CARHAB$DEFAULTVIEW(1.0),Passenger cars - per thousand inhabitants,A,Annual,NR,Number,CH,Switzerland,2020,,546,,,,,
dataflow,ESTAT:ROAD_EQS_CARHAB$DEFAULTVIEW(1.0),Passenger cars - per thousand inhabitants,A,Annual,NR,Number,CH,Switzerland,2021,,549,,,,,
dataflow,ESTAT:ROAD_EQS_CARHAB$DEFAULTVIEW(1.0),Passenger cars - per thousand inhabitants,A,Annual,NR,Number,CH,Switzerland,2022,,546,,,,,
dataflow,ESTAT:ROAD_EQS_CARHAB$DEFAULTVIEW(1.0),Passenger cars - per thousand inhabitants,A,Annual,NR,Number,CH,Switzerland,2023,,542,,,,,
dataflow,ESTAT:ROAD_EQS_CARHAB$DEFAULTVIEW(1.0),Passenger cars - per thousand inhabitants,A,Annual,NR,Number,CH,Switzerland,2024,,542,,p,provisional,,
dataflow,ESTAT:ROAD_EQS_CARHAB$DEFAULTVIEW(1.0),Passenger cars - per thousand inhabitants,A,Annual,NR,Number,CY,Cyprus,2015,,565,,,,,
dataflow,ESTAT:ROAD_EQS_CARHAB$DEFAULTVIEW(1.0),Passenger cars - per thousand inhabitants,A,Annual,NR,Number,CY,Cyprus,2016,,584,,,,,
dataflow,ESTAT:ROAD_EQS_CARHAB$DEFAULTVIEW(1.0),Passenger cars - per thousand inhabitants,A,Annual,NR,Number,CY,Cyprus,2017,,599,,,,,
dataflow,ESTAT:ROAD_EQS_CARHAB$DEFAULTVIEW(1.0),Passenger cars - per thousand inhabitants,A,Annual,NR,Number,CY,Cyprus,2018,,619,,,,,
dataflow,ESTAT:ROAD_EQS_CARHAB$DEFAULTVIEW(1.0),Passenger cars - per thousand inhabitants,A,Annual,NR,Number,CY,Cyprus,2019,,634,,,,,
dataflow,ESTAT:ROAD_EQS_CARHAB$DEFAULTVIEW(1.0),Passenger cars - per thousand inhabitants,A,Annual,NR,Number,CY,Cyprus,2020,,632,,,,,
dataflow,ESTAT:ROAD_EQS_CARHAB$DEFAULTVIEW(1.0),Passenger cars - per thousand inhabitants,A,Annual,NR,Number,CY,Cyprus,2021,,637,,,,,
dataflow,ESTAT:ROAD_EQS_CARHAB$DEFAULTVIEW(1.0),Passenger cars - per thousand inhabitants,A,Annual,NR,Number,CY,Cyprus,2022,,633,,,,,
dataflow,ESTAT:ROAD_EQS_CARHAB$DEFAULTVIEW(1.0),Passenger cars - per thousand inhabitants,A,Annual,NR,Number,CY,Cyprus,2023,,647,,,,,
dataflow,ESTAT:ROAD_EQS_CARHAB$DEFAULTVIEW(1.0),Passenger cars - per thousand inhabitants,A,Annual,NR,Number,CY,Cyprus,2024,,661,,p,provisional,,
dataflow,ESTAT:ROAD_EQS_CARHAB$DEFAULTVIEW(1.0),Passenger cars - per thousand inhabitants,A,Annual,NR,Number,CZ,Czechia,2015,,485,,,,,
dataflow,ESTAT:ROAD_EQS_CARHAB$DEFAULTVIEW(1.0),Passenger cars - per thousand inhabitants,A,Annual,NR,Number,CZ,Czechia,2016,,502,,,,,
dataflow,ESTAT:ROAD_EQS_CARHAB$DEFAULTVIEW(1.0),Passenger cars - per thousand inhabitants,A,Annual,NR,Number,CZ,Czechia,2017,,522,,,,,
dataflow,ESTAT:ROAD_EQS_CARHAB$DEFAULTVIEW(1.0),Passenger cars - per thousand inhabitants,A,Annual,NR,Number,CZ,Czechia,2018,,540,,,,,
dataflow,ESTAT:ROAD_EQS_CARHAB$DEFAULTVIEW(1.0),Passenger cars - per thousand inhabitants,A,Annual,NR,Number,CZ,Czechia,2019,,554,,,,,
dataflow,ESTAT:ROAD_EQS_CARHAB$DEFAULTVIEW(1.0),Passenger cars - per thousand inhabitants,A,Annual,NR,Number,CZ,Czechia,2020,,576,,b,break in time series,,
dataflow,ESTAT:ROAD_EQS_CARHAB$DEFAULTVIEW(1.0),Passenger cars - per thousand inhabitants,A,Annual,NR,Number,CZ,Czechia,2021,,579,,,,,
dataflow,ESTAT:ROAD_EQS_CARHAB$DEFAULTVIEW(1.0),Passenger cars - per thousand inhabitants,A,Annual,NR,Number,CZ,Czechia,2022,,582,,,,,
dataflow,ESTAT:ROAD_EQS_CARHAB$DEFAULTVIEW(1.0),Passenger cars - per thousand inhabitants,A,Annual,NR,Number,CZ,Czechia,2023,,597,,,,,
dataflow,ESTAT:ROAD_EQS_CARHAB$DEFAULTVIEW(1.0),Passenger cars - per thousand inhabitants,A,Annual,NR,Number,CZ,Czechia,2024,,608,,,,,
dataflow,ESTAT:ROAD_EQS_CARHAB$DEFAULTVIEW(1.0),Passenger cars - per thousand inhabitants,A,Annual,NR,Number,DE,Germany,2015,,548,,,,,
dataflow,ESTAT:ROAD_EQS_CARHAB$DEFAULTVIEW(1.0),Passenger cars - per thousand inhabitants,A,Annual,NR,Number,DE,Germany,2016,,555,,,,,
dataflow,ESTAT:ROAD_EQS_CARHAB$DEFAULTVIEW(1.0),Passenger cars - per thousand inhabitants,A,Annual,NR,Number,DE,Germany,2017,,561,,,,,
dataflow,ESTAT:ROAD_EQS_CARHAB$DEFAULTVIEW(1.0),Passenger cars - per thousand inhabitants,A,Annual,NR,Number,DE,Germany,2018,,567,,,,,
dataflow,ESTAT:ROAD_EQS_CARHAB$DEFAULTVIEW(1.0),Passenger cars - per thousand inhabitants,A,Annual,NR,Number,DE,Germany,2019,,574,,,,,
dataflow,ESTAT:ROAD_EQS_CARHAB$DEFAULTVIEW(1.0),Passenger cars - per thousand inhabitants,A,Annual,NR,Number,DE,Germany,2020,,580,,,,,
dataflow,ESTAT:ROAD_EQS_CARHAB$DEFAULTVIEW(1.0),Passenger cars - per thousand inhabitants,A,Annual,NR,Number,DE,Germany,2021,,583,,,,,
dataflow,ESTAT:ROAD_EQS_CARHAB$DEFAULTVIEW(1.0),Passenger cars - per thousand inhabitants,A,Annual,NR,Number,DE,Germany,2022,,587,,b,break in time series,,
dataflow,ESTAT:ROAD_EQS_CARHAB$DEFAULTVIEW(1.0),Passenger cars - per thousand inhabitants,A,Annual,NR,Number,DE,Germany,2023,,588,,,,,
dataflow,ESTAT:ROAD_EQS_CARHAB$DEFAULTVIEW(1.0),Passenger cars - per thousand inhabitants,A,Annual,NR,Number,DE,Germany,2024,,590,,,,,
dataflow,ESTAT:ROAD_EQS_CARHAB$DEFAULTVIEW(1.0),Passenger cars - per thousand inhabitants,A,Annual,NR,Number,DK,Denmark,2015,,419,,,,,
dataflow,ESTAT:ROAD_EQS_CARHAB$DEFAULTVIEW(1.0),Passenger cars - per thousand inhabitants,A,Annual,NR,Number,DK,Denmark,2016,,429,,,,,
dataflow,ESTAT:ROAD_EQS_CARHAB$DEFAULTVIEW(1.0),Passenger cars - per thousand inhabitants,A,Annual,NR,Number,DK,Denmark,2017,,438,,,,,
dataflow,ESTAT:ROAD_EQS_CARHAB$DEFAULTVIEW(1.0),Passenger cars - per thousand inhabitants,A,Annual,NR,Number,DK,Denmark,2018,,447,,,,,
dataflow,ESTAT:ROAD_EQS_CARHAB$DEFAULTVIEW(1.0),Passenger cars - per thousand inhabitants,A,Annual,NR,Number,DK,Denmark,2019,,455,,,,,
dataflow,ESTAT:ROAD_EQS_CARHAB$DEFAULTVIEW(1.0),Passenger cars - per thousand inhabitants,A,Annual,NR,Number,DK,Denmark,2020,,466,,,,,
dataflow,ESTAT:ROAD_EQS_CARHAB$DEFAULTVIEW(1.0),Passenger cars - per thousand inhabitants,A,Annual,NR,Number,DK,Denmark,2021,,475,,,,,
dataflow,ESTAT:ROAD_EQS_CARHAB$DEFAULTVIEW(1.0),Passenger cars - per thousand inhabitants,A,Annual,NR,Number,DK,Denmark,2022,,472,,,,,
dataflow,ESTAT:ROAD_EQS_CARHAB$DEFAULTVIEW(1.0),Passenger cars - per thousand inhabitants,A,Annual,NR,Number,DK,Denmark,2023,,474,,,,,
dataflow,ESTAT:ROAD_EQS_CARHAB$DEFAULTVIEW(1.0),Passenger cars - per thousand inhabitants,A,Annual,NR,Number,DK,Denmark,2024,,478,,,,,
dataflow,ESTAT:ROAD_EQS_CARHAB$DEFAULTVIEW(1.0),Passenger cars - per thousand inhabitants,A,Annual,NR,Number,EE,Estonia,2015,,514,,,,,
dataflow,ESTAT:ROAD_EQS_CARHAB$DEFAULTVIEW(1.0),Passenger cars - per thousand inhabitants,A,Annual,NR,Number,EE,Estonia,2016,,534,,,,,
dataflow,ESTAT:ROAD_EQS_CARHAB$DEFAULTVIEW(1.0),Passenger cars - per thousand inhabitants,A,Annual,NR,Number,EE,Estonia,2017,,550,,,,,
dataflow,ESTAT:ROAD_EQS_CARHAB$DEFAULTVIEW(1.0),Passenger cars - per thousand inhabitants,A,Annual,NR,Number,EE,Estonia,2018,,563,,,,,
dataflow,ESTAT:ROAD_EQS_CARHAB$DEFAULTVIEW(1.0),Passenger cars - per thousand inhabitants,A,Annual,NR,Number,EE,Estonia,2019,,598,,,,,
dataflow,ESTAT:ROAD_EQS_CARHAB$DEFAULTVIEW(1.0),Passenger cars - per thousand inhabitants,A,Annual,NR,Number,EE,Estonia,2020,,608,,,,,
dataflow,ESTAT:ROAD_EQS_CARHAB$DEFAULTVIEW(1.0),Passenger cars - per thousand inhabitants,A,Annual,NR,Number,EE,Estonia,2021,,620,,,,,
dataflow,ESTAT:ROAD_EQS_CARHAB$DEFAULTVIEW(1.0),Passenger cars - per thousand inhabitants,A,Annual,NR,Number,EE,Estonia,2022,,622,,,,,
dataflow,ESTAT:ROAD_EQS_CARHAB$DEFAULTVIEW(1.0),Passenger cars - per thousand inhabitants,A,Annual,NR,Number,EE,Estonia,2023,,630,,,,,
dataflow,ESTAT:ROAD_EQS_CARHAB$DEFAULTVIEW(1.0),Passenger cars - per thousand inhabitants,A,Annual,NR,Number,EE,Estonia,2024,,635,,,,,
dataflow,ESTAT:ROAD_EQS_CARHAB$DEFAULTVIEW(1.0),Passenger cars - per thousand inhabitants,A,Annual,NR,Number,EL,Greece,2015,,474,,,,,
dataflow,ESTAT:ROAD_EQS_CARHAB$DEFAULTVIEW(1.0),Passenger cars - per thousand inhabitants,A,Annual,NR,Number,EL,Greece,2016,,479,,,,,
dataflow,ESTAT:ROAD_EQS_CARHAB$DEFAULTVIEW(1.0),Passenger cars - per thousand inhabitants,A,Annual,NR,Number,EL,Greece,2017,,487,,,,,
dataflow,ESTAT:ROAD_EQS_CARHAB$DEFAULTVIEW(1.0),Passenger cars - per thousand inhabitants,A,Annual,NR,Number,EL,Greece,2018,,493,,,,,
dataflow,ESTAT:ROAD_EQS_CARHAB$DEFAULTVIEW(1.0),Passenger cars - per thousand inhabitants,A,Annual,NR,Number,EL,Greece,2019,,504,,,,,
dataflow,ESTAT:ROAD_EQS_CARHAB$DEFAULTVIEW(1.0),Passenger cars - per thousand inhabitants,A,Annual,NR,Number,EL,Greece,2020,,514,,,,,
dataflow,ESTAT:ROAD_EQS_CARHAB$DEFAULTVIEW(1.0),Passenger cars - per thousand inhabitants,A,Annual,NR,Number,EL,Greece,2021,,536,,b,break in time series,,
dataflow,ESTAT:ROAD_EQS_CARHAB$DEFAULTVIEW(1.0),Passenger cars - per thousand inhabitants,A,Annual,NR,Number,EL,Greece,2022,,550,,,,,
dataflow,ESTAT:ROAD_EQS_CARHAB$DEFAULTVIEW(1.0),Passenger cars - per thousand inhabitants,A,Annual,NR,Number,EL,Greece,2023,,565,,,,,
dataflow,ESTAT:ROAD_EQS_CARHAB$DEFAULTVIEW(1.0),Passenger cars - per thousand inhabitants,A,Annual,NR,Number,EL,Greece,2024,,579,,e,estimated,,
dataflow,ESTAT:ROAD_EQS_CARHAB$DEFAULTVIEW(1.0),Passenger cars - per thousand inhabitants,A,Annual,NR,Number,ES,Spain,2015,,482,,,,,
dataflow,ESTAT:ROAD_EQS_CARHAB$DEFAULTVIEW(1.0),Passenger cars - per thousand inhabitants,A,Annual,NR,Number,ES,Spain,2016,,492,,i,value imputed by Eurostat or other receiving agencies,,
dataflow,ESTAT:ROAD_EQS_CARHAB$DEFAULTVIEW(1.0),Passenger cars - per thousand inhabitants,A,Annual,NR,Number,ES,Spain,2017,,529,,,,,
dataflow,ESTAT:ROAD_EQS_CARHAB$DEFAULTVIEW(1.0),Passenger cars - per thousand inhabitants,A,Annual,NR,Number,ES,Spain,2018,,539,,,,,
dataflow,ESTAT:ROAD_EQS_CARHAB$DEFAULTVIEW(1.0),Passenger cars - per thousand inhabitants,A,Annual,NR,Number,ES,Spain,2019,,546,,,,,
dataflow,ESTAT:ROAD_EQS_CARHAB$DEFAULTVIEW(1.0),Passenger cars - per thousand inhabitants,A,Annual,NR,Number,ES,Spain,2020,,549,,,,,
dataflow,ESTAT:ROAD_EQS_CARHAB$DEFAULTVIEW(1.0),Passenger cars - per thousand inhabitants,A,Annual,NR,Number,ES,Spain,2021,,554,,,,,
dataflow,ESTAT:ROAD_EQS_CARHAB$DEFAULTVIEW(1.0),Passenger cars - per thousand inhabitants,A,Annual,NR,Number,ES,Spain,2022,,553,,,,,
dataflow,ESTAT:ROAD_EQS_CARHAB$DEFAULTVIEW(1.0),Passenger cars - per thousand inhabitants,A,Annual,NR,Number,ES,Spain,2023,,551,,,,,
dataflow,ESTAT:ROAD_EQS_CARHAB$DEFAULTVIEW(1.0),Passenger cars - per thousand inhabitants,A,Annual,NR,Number,ES,Spain,2024,,544,,p,provisional,,
dataflow,ESTAT:ROAD_EQS_CARHAB$DEFAULTVIEW(1.0),Passenger cars - per thousand inhabitants,A,Annual,NR,Number,EU27_2020,European Union - 27 countries (from 2020),2015,,508,,,,,
dataflow,ESTAT:ROAD_EQS_CARHAB$DEFAULTVIEW(1.0),Passenger cars - per thousand inhabitants,A,Annual,NR,Number,EU27_2020,European Union - 27 countries (from 2020),2016,,518,,,,,
dataflow,ESTAT:ROAD_EQS_CARHAB$DEFAULTVIEW(1.0),Passenger cars - per thousand inhabitants,A,Annual,NR,Number,EU27_2020,European Union - 27 countries (from 2020),2017,,530,,,,,
dataflow,ESTAT:ROAD_EQS_CARHAB$DEFAULTVIEW(1.0),Passenger cars - per thousand inhabitants,A,Annual,NR,Number,EU27_2020,European Union - 27 countries (from 2020),2018,,539,,,,,
dataflow,ESTAT:ROAD_EQS_CARHAB$DEFAULTVIEW(1.0),Passenger cars - per thousand inhabitants,A,Annual,NR,Number,EU27_2020,European Union - 27 countries (from 2020),2019,,548,,,,,
dataflow,ESTAT:ROAD_EQS_CARHAB$DEFAULTVIEW(1.0),Passenger cars - per thousand inhabitants,A,Annual,NR,Number,EU27_2020,European Union - 27 countries (from 2020),2020,,555,,,,,
dataflow,ESTAT:ROAD_EQS_CARHAB$DEFAULTVIEW(1.0),Passenger cars - per thousand inhabitants,A,Annual,NR,Number,EU27_2020,European Union - 27 countries (from 2020),2021,,561,,,,,
dataflow,ESTAT:ROAD_EQS_CARHAB$DEFAULTVIEW(1.0),Passenger cars - per thousand inhabitants,A,Annual,NR,Number,EU27_2020,European Union - 27 countries (from 2020),2022,,565,,,,,
dataflow,ESTAT:ROAD_EQS_CARHAB$DEFAULTVIEW(1.0),Passenger cars - per thousand inhabitants,A,Annual,NR,Number,EU27_2020,European Union - 27 countries (from 2020),2023,,570,,,,,
dataflow,ESTAT:ROAD_EQS_CARHAB$DEFAULTVIEW(1.0),Passenger cars - per thousand inhabitants,A,Annual,NR,Number,EU27_2020,European Union - 27 countries (from 2020),2024,,578,,,,,
dataflow,ESTAT:ROAD_EQS_CARHAB$DEFAULTVIEW(1.0),Passenger cars - per thousand inhabitants,A,Annual,NR,Number,FI,Finland,2015,,590,,,,,
dataflow,ESTAT:ROAD_EQS_CARHAB$DEFAULTVIEW(1.0),Passenger cars - per thousand inhabitants,A,Annual,NR,Number,FI,Finland,2016,,604,,,,,
dataflow,ESTAT:ROAD_EQS_CARHAB$DEFAULTVIEW(1.0),Passenger cars - per thousand inhabitants,A,Annual,NR,Number,FI,Finland,2017,,617,,,,,
dataflow,ESTAT:ROAD_EQS_CARHAB$DEFAULTVIEW(1.0),Passenger cars - per thousand inhabitants,A,Annual,NR,Number,FI,Finland,2018,,629,,,,,
dataflow,ESTAT:ROAD_EQS_CARHAB$DEFAULTVIEW(1.0),Passenger cars - per thousand inhabitants,A,Annual,NR,Number,FI,Finland,2019,,642,,,,,
dataflow,ESTAT:ROAD_EQS_CARHAB$DEFAULTVIEW(1.0),Passenger cars - per thousand inhabitants,A,Annual,NR,Number,FI,Finland,2020,,652,,,,,
dataflow,ESTAT:ROAD_EQS_CARHAB$DEFAULTVIEW(1.0),Passenger cars - per thousand inhabitants,A,Annual,NR,Number,FI,Finland,2021,,656,,,,,
dataflow,ESTAT:ROAD_EQS_CARHAB$DEFAULTVIEW(1.0),Passenger cars - per thousand inhabitants,A,Annual,NR,Number,FI,Finland,2022,,660,,,,,
dataflow,ESTAT:ROAD_EQS_CARHAB$DEFAULTVIEW(1.0),Passenger cars - per thousand inhabitants,A,Annual,NR,Number,FI,Finland,2023,,664,,,,,
dataflow,ESTAT:ROAD_EQS_CARHAB$DEFAULTVIEW(1.0),Passenger cars - per thousand inhabitants,A,Annual,NR,Number,FI,Finland,2024,,666,,,,,
dataflow,ESTAT:ROAD_EQS_CARHAB$DEFAULTVIEW(1.0),Passenger cars - per thousand inhabitants,A,Annual,NR,Number,FR,France,2015,,558,,,,,
dataflow,ESTAT:ROAD_EQS_CARHAB$DEFAULTVIEW(1.0),Passenger cars - per thousand inhabitants,A,Annual,NR,Number,FR,France,2016,,564,,,,,
dataflow,ESTAT:ROAD_EQS_CARHAB$DEFAULTVIEW(1.0),Passenger cars - per thousand inhabitants,A,Annual,NR,Number,FR,France,2017,,569,,,,,
dataflow,ESTAT:ROAD_EQS_CARHAB$DEFAULTVIEW(1.0),Passenger cars - per thousand inhabitants,A,Annual,NR,Number,FR,France,2018,,568,,,,,
dataflow,ESTAT:ROAD_EQS_CARHAB$DEFAULTVIEW(1.0),Passenger cars - per thousand inhabitants,A,Annual,NR,Number,FR,France,2019,,569,,,,,
dataflow,ESTAT:ROAD_EQS_CARHAB$DEFAULTVIEW(1.0),Passenger cars - per thousand inhabitants,A,Annual,NR,Number,FR,France,2020,,568,,,,,
dataflow,ESTAT:ROAD_EQS_CARHAB$DEFAULTVIEW(1.0),Passenger cars - per thousand inhabitants,A,Annual,NR,Number,FR,France,2021,,570,,,,,
dataflow,ESTAT:ROAD_EQS_CARHAB$DEFAULTVIEW(1.0),Passenger cars - per thousand inhabitants,A,Annual,NR,Number,FR,France,2022,,571,,p,provisional,,
dataflow,ESTAT:ROAD_EQS_CARHAB$DEFAULTVIEW(1.0),Passenger cars - per thousand inhabitants,A,Annual,NR,Number,FR,France,2023,,575,,p,provisional,,
dataflow,ESTAT:ROAD_EQS_CARHAB$DEFAULTVIEW(1.0),Passenger cars - per thousand inhabitants,A,Annual,NR,Number,FR,France,2024,,579,,p,provisional,,
dataflow,ESTAT:ROAD_EQS_CARHAB$DEFAULTVIEW(1.0),Passenger cars - per thousand inhabitants,A,Annual,NR,Number,GE,Georgia,2015,,240,,,,,
dataflow,ESTAT:ROAD_EQS_CARHAB$DEFAULTVIEW(1.0),Passenger cars - per thousand inhabitants,A,Annual,NR,Number,GE,Georgia,2016,,262,,,,,
dataflow,ESTAT:ROAD_EQS_CARHAB$DEFAULTVIEW(1.0),Passenger cars - per thousand inhabitants,A,Annual,NR,Number,GE,Georgia,2017,,276,,,,,
dataflow,ESTAT:ROAD_EQS_CARHAB$DEFAULTVIEW(1.0),Passenger cars - per thousand inhabitants,A,Annual,NR,Number,GE,Georgia,2018,,292,,,,,
dataflow,ESTAT:ROAD_EQS_CARHAB$DEFAULTVIEW(1.0),Passenger cars - per thousand inhabitants,A,Annual,NR,Number,GE,Georgia,2019,,304,,,,,
dataflow,ESTAT:ROAD_EQS_CARHAB$DEFAULTVIEW(1.0),Passenger cars - per thousand inhabitants,A,Annual,NR,Number,GE,Georgia,2020,,319,,,,,
dataflow,ESTAT:ROAD_EQS_CARHAB$DEFAULTVIEW(1.0),Passenger cars - per thousand inhabitants,A,Annual,NR,Number,GE,Georgia,2021,,343,,,,,
dataflow,ESTAT:ROAD_EQS_CARHAB$DEFAULTVIEW(1.0),Passenger cars - per thousand inhabitants,A,Annual,NR,Number,GE,Georgia,2022,,357,,,,,
dataflow,ESTAT:ROAD_EQS_CARHAB$DEFAULTVIEW(1.0),Passenger cars - per thousand inhabitants,A,Annual,NR,Number,GE,Georgia,2023,,389,,,,,
dataflow,ESTAT:ROAD_EQS_CARHAB$DEFAULTVIEW(1.0),Passenger cars - per thousand inhabitants,A,Annual,NR,Number,GE,Georgia,2024,,414,,,,,
dataflow,ESTAT:ROAD_EQS_CARHAB$DEFAULTVIEW(1.0),Passenger cars - per thousand inhabitants,A,Annual,NR,Number,HR,Croatia,2015,,363,,,,,
dataflow,ESTAT:ROAD_EQS_CARHAB$DEFAULTVIEW(1.0),Passenger cars - per thousand inhabitants,A,Annual,NR,Number,HR,Croatia,2016,,381,,,,,
dataflow,ESTAT:ROAD_EQS_CARHAB$DEFAULTVIEW(1.0),Passenger cars - per thousand inhabitants,A,Annual,NR,Number,HR,Croatia,2017,,398,,,,,
dataflow,ESTAT:ROAD_EQS_CARHAB$DEFAULTVIEW(1.0),Passenger cars - per thousand inhabitants,A,Annual,NR,Number,HR,Croatia,2018,,420,,,,,
dataflow,ESTAT:ROAD_EQS_CARHAB$DEFAULTVIEW(1.0),Passenger cars - per thousand inhabitants,A,Annual,NR,Number,HR,Croatia,2019,,439,,,,,
dataflow,ESTAT:ROAD_EQS_CARHAB$DEFAULTVIEW(1.0),Passenger cars - per thousand inhabitants,A,Annual,NR,Number,HR,Croatia,2020,,449,,,,,
dataflow,ESTAT:ROAD_EQS_CARHAB$DEFAULTVIEW(1.0),Passenger cars - per thousand inhabitants,A,Annual,NR,Number,HR,Croatia,2021,,465,,,,,
dataflow,ESTAT:ROAD_EQS_CARHAB$DEFAULTVIEW(1.0),Passenger cars - per thousand inhabitants,A,Annual,NR,Number,HR,Croatia,2022,,478,,,,,
dataflow,ESTAT:ROAD_EQS_CARHAB$DEFAULTVIEW(1.0),Passenger cars - per thousand inhabitants,A,Annual,NR,Number,HR,Croatia,2023,,495,,,,,
dataflow,ESTAT:ROAD_EQS_CARHAB$DEFAULTVIEW(1.0),Passenger cars - per thousand inhabitants,A,Annual,NR,Number,HR,Croatia,2024,,513,,,,,
dataflow,ESTAT:ROAD_EQS_CARHAB$DEFAULTVIEW(1.0),Passenger cars - per thousand inhabitants,A,Annual,NR,Number,HU,Hungary,2015,,327,,,,,
dataflow,ESTAT:ROAD_EQS_CARHAB$DEFAULTVIEW(1.0),Passenger cars - per thousand inhabitants,A,Annual,NR,Number,HU,Hungary,2016,,340,,,,,
dataflow,ESTAT:ROAD_EQS_CARHAB$DEFAULTVIEW(1.0),Passenger cars - per thousand inhabitants,A,Annual,NR,Number,HU,Hungary,2017,,357,,,,,
dataflow,ESTAT:ROAD_EQS_CARHAB$DEFAULTVIEW(1.0),Passenger cars - per thousand inhabitants,A,Annual,NR,Number,HU,Hungary,2018,,375,,,,,
dataflow,ESTAT:ROAD_EQS_CARHAB$DEFAULTVIEW(1.0),Passenger cars - per thousand inhabitants,A,Annual,NR,Number,HU,Hungary,2019,,393,,,,,
dataflow,ESTAT:ROAD_EQS_CARHAB$DEFAULTVIEW(1.0),Passenger cars - per thousand inhabitants,A,Annual,NR,Number,HU,Hungary,2020,,406,,,,,
dataflow,ESTAT:ROAD_EQS_CARHAB$DEFAULTVIEW(1.0),Passenger cars - per thousand inhabitants,A,Annual,NR,Number,HU,Hungary,2021,,418,,,,,
dataflow,ESTAT:ROAD_EQS_CARHAB$DEFAULTVIEW(1.0),Passenger cars - per thousand inhabitants,A,Annual,NR,Number,HU,Hungary,2022,,426,,,,,
dataflow,ESTAT:ROAD_EQS_CARHAB$DEFAULTVIEW(1.0),Passenger cars - per thousand inhabitants,A,Annual,NR,Number,HU,Hungary,2023,,435,,,,,
dataflow,ESTAT:ROAD_EQS_CARHAB$DEFAULTVIEW(1.0),Passenger cars - per thousand inhabitants,A,Annual,NR,Number,HU,Hungary,2024,,447,,,,,
dataflow,ESTAT:ROAD_EQS_CARHAB$DEFAULTVIEW(1.0),Passenger cars - per thousand inhabitants,A,Annual,NR,Number,IE,Ireland,2015,,436,,,,,
dataflow,ESTAT:ROAD_EQS_CARHAB$DEFAULTVIEW(1.0),Passenger cars - per thousand inhabitants,A,Annual,NR,Number,IE,Ireland,2016,,438,,,,,
dataflow,ESTAT:ROAD_EQS_CARHAB$DEFAULTVIEW(1.0),Passenger cars - per thousand inhabitants,A,Annual,NR,Number,IE,Ireland,2017,,441,,,,,
dataflow,ESTAT:ROAD_EQS_CARHAB$DEFAULTVIEW(1.0),Passenger cars - per thousand inhabitants,A,Annual,NR,Number,IE,Ireland,2018,,442,,,,,
dataflow,ESTAT:ROAD_EQS_CARHAB$DEFAULTVIEW(1.0),Passenger cars - per thousand inhabitants,A,Annual,NR,Number,IE,Ireland,2019,,450,,,,,
dataflow,ESTAT:ROAD_EQS_CARHAB$DEFAULTVIEW(1.0),Passenger cars - per thousand inhabitants,A,Annual,NR,Number,IE,Ireland,2020,,452,,,,,
dataflow,ESTAT:ROAD_EQS_CARHAB$DEFAULTVIEW(1.0),Passenger cars - per thousand inhabitants,A,Annual,NR,Number,IE,Ireland,2021,,448,,,,,
dataflow,ESTAT:ROAD_EQS_CARHAB$DEFAULTVIEW(1.0),Passenger cars - per thousand inhabitants,A,Annual,NR,Number,IE,Ireland,2022,,443,,,,,
dataflow,ESTAT:ROAD_EQS_CARHAB$DEFAULTVIEW(1.0),Passenger cars - per thousand inhabitants,A,Annual,NR,Number,IE,Ireland,2023,,449,,,,,
dataflow,ESTAT:ROAD_EQS_CARHAB$DEFAULTVIEW(1.0),Passenger cars - per thousand inhabitants,A,Annual,NR,Number,IE,Ireland,2024,,466,,i,value imputed by Eurostat or other receiving agencies,,
dataflow,ESTAT:ROAD_EQS_CARHAB$DEFAULTVIEW(1.0),Passenger cars - per thousand inhabitants,A,Annual,NR,Number,IS,Iceland,2017,,738,,,,,
dataflow,ESTAT:ROAD_EQS_CARHAB$DEFAULTVIEW(1.0),Passenger cars - per thousand inhabitants,A,Annual,NR,Number,IS,Iceland,2018,,749,,,,,
dataflow,ESTAT:ROAD_EQS_CARHAB$DEFAULTVIEW(1.0),Passenger cars - per thousand inhabitants,A,Annual,NR,Number,IS,Iceland,2019,,741,,,,,
dataflow,ESTAT:ROAD_EQS_CARHAB$DEFAULTVIEW(1.0),Passenger cars - per thousand inhabitants,A,Annual,NR,Number,IS,Iceland,2020,,731,,,,,
dataflow,ESTAT:ROAD_EQS_CARHAB$DEFAULTVIEW(1.0),Passenger cars - per thousand inhabitants,A,Annual,NR,Number,IS,Iceland,2021,,768,,,,,
dataflow,ESTAT:ROAD_EQS_CARHAB$DEFAULTVIEW(1.0),Passenger cars - per thousand inhabitants,A,Annual,NR,Number,IS,Iceland,2022,,741,,,,,
dataflow,ESTAT:ROAD_EQS_CARHAB$DEFAULTVIEW(1.0),Passenger cars - per thousand inhabitants,A,Annual,NR,Number,IS,Iceland,2023,,667,,,,,
dataflow,ESTAT:ROAD_EQS_CARHAB$DEFAULTVIEW(1.0),Passenger cars - per thousand inhabitants,A,Annual,NR,Number,IS,Iceland,2024,,639,,i,value imputed by Eurostat or other receiving agencies,,
dataflow,ESTAT:ROAD_EQS_CARHAB$DEFAULTVIEW(1.0),Passenger cars - per thousand inhabitants,A,Annual,NR,Number,IT,Italy,2015,,621,,,,,
dataflow,ESTAT:ROAD_EQS_CARHAB$DEFAULTVIEW(1.0),Passenger cars - per thousand inhabitants,A,Annual,NR,Number,IT,Italy,2016,,631,,,,,
dataflow,ESTAT:ROAD_EQS_CARHAB$DEFAULTVIEW(1.0),Passenger cars - per thousand inhabitants,A,Annual,NR,Number,IT,Italy,2017,,643,,,,,
dataflow,ESTAT:ROAD_EQS_CARHAB$DEFAULTVIEW(1.0),Passenger cars - per thousand inhabitants,A,Annual,NR,Number,IT,Italy,2018,,652,,,,,
dataflow,ESTAT:ROAD_EQS_CARHAB$DEFAULTVIEW(1.0),Passenger cars - per thousand inhabitants,A,Annual,NR,Number,IT,Italy,2019,,663,,,,,
dataflow,ESTAT:ROAD_EQS_CARHAB$DEFAULTVIEW(1.0),Passenger cars - per thousand inhabitants,A,Annual,NR,Number,IT,Italy,2020,,671,,,,,
dataflow,ESTAT:ROAD_EQS_CARHAB$DEFAULTVIEW(1.0),Passenger cars - per thousand inhabitants,A,Annual,NR,Number,IT,Italy,2021,,675,,,,,
dataflow,ESTAT:ROAD_EQS_CARHAB$DEFAULTVIEW(1.0),Passenger cars - per thousand inhabitants,A,Annual,NR,Number,IT,Italy,2022,,682,,,,,
dataflow,ESTAT:ROAD_EQS_CARHAB$DEFAULTVIEW(1.0),Passenger cars - per thousand inhabitants,A,Annual,NR,Number,IT,Italy,2023,,694,,,,,
dataflow,ESTAT:ROAD_EQS_CARHAB$DEFAULTVIEW(1.0),Passenger cars - per thousand inhabitants,A,Annual,NR,Number,IT,Italy,2024,,701,,p,provisional,,
dataflow,ESTAT:ROAD_EQS_CARHAB$DEFAULTVIEW(1.0),Passenger cars - per thousand inhabitants,A,Annual,NR,Number,LI,Liechtenstein,2015,,766,,,,,
dataflow,ESTAT:ROAD_EQS_CARHAB$DEFAULTVIEW(1.0),Passenger cars - per thousand inhabitants,A,Annual,NR,Number,LI,Liechtenstein,2016,,773,,,,,
dataflow,ESTAT:ROAD_EQS_CARHAB$DEFAULTVIEW(1.0),Passenger cars - per thousand inhabitants,A,Annual,NR,Number,LI,Liechtenstein,2017,,779,,,,,
dataflow,ESTAT:ROAD_EQS_CARHAB$DEFAULTVIEW(1.0),Passenger cars - per thousand inhabitants,A,Annual,NR,Number,LI,Liechtenstein,2018,,780,,,,,
dataflow,ESTAT:ROAD_EQS_CARHAB$DEFAULTVIEW(1.0),Passenger cars - per thousand inhabitants,A,Annual,NR,Number,LI,Liechtenstein,2019,,781,,,,,
dataflow,ESTAT:ROAD_EQS_CARHAB$DEFAULTVIEW(1.0),Passenger cars - per thousand inhabitants,A,Annual,NR,Number,LI,Liechtenstein,2020,,779,,,,,
dataflow,ESTAT:ROAD_EQS_CARHAB$DEFAULTVIEW(1.0),Passenger cars - per thousand inhabitants,A,Annual,NR,Number,LI,Liechtenstein,2021,,777,,,,,
dataflow,ESTAT:ROAD_EQS_CARHAB$DEFAULTVIEW(1.0),Passenger cars - per thousand inhabitants,A,Annual,NR,Number,LI,Liechtenstein,2022,,773,,,,,
dataflow,ESTAT:ROAD_EQS_CARHAB$DEFAULTVIEW(1.0),Passenger cars - per thousand inhabitants,A,Annual,NR,Number,LI,Liechtenstein,2023,,774,,,,,
dataflow,ESTAT:ROAD_EQS_CARHAB$DEFAULTVIEW(1.0),Passenger cars - per thousand inhabitants,A,Annual,NR,Number,LI,Liechtenstein,2024,,767,,p,provisional,,
dataflow,ESTAT:ROAD_EQS_CARHAB$DEFAULTVIEW(1.0),Passenger cars - per thousand inhabitants,A,Annual,NR,Number,LT,Lithuania,2015,,430,,,,,
dataflow,ESTAT:ROAD_EQS_CARHAB$DEFAULTVIEW(1.0),Passenger cars - per thousand inhabitants,A,Annual,NR,Number,LT,Lithuania,2016,,454,,,,,
dataflow,ESTAT:ROAD_EQS_CARHAB$DEFAULTVIEW(1.0),Passenger cars - per thousand inhabitants,A,Annual,NR,Number,LT,Lithuania,2017,,480,,,,,
dataflow,ESTAT:ROAD_EQS_CARHAB$DEFAULTVIEW(1.0),Passenger cars - per thousand inhabitants,A,Annual,NR,Number,LT,Lithuania,2018,,509,,,,,
dataflow,ESTAT:ROAD_EQS_CARHAB$DEFAULTVIEW(1.0),Passenger cars - per thousand inhabitants,A,Annual,NR,Number,LT,Lithuania,2019,,533,,,,,
dataflow,ESTAT:ROAD_EQS_CARHAB$DEFAULTVIEW(1.0),Passenger cars - per thousand inhabitants,A,Annual,NR,Number,LT,Lithuania,2020,,557,,,,,
dataflow,ESTAT:ROAD_EQS_CARHAB$DEFAULTVIEW(1.0),Passenger cars - per thousand inhabitants,A,Annual,NR,Number,LT,Lithuania,2021,,574,,,,,
dataflow,ESTAT:ROAD_EQS_CARHAB$DEFAULTVIEW(1.0),Passenger cars - per thousand inhabitants,A,Annual,NR,Number,LT,Lithuania,2022,,578,,,,,
dataflow,ESTAT:ROAD_EQS_CARHAB$DEFAULTVIEW(1.0),Passenger cars - per thousand inhabitants,A,Annual,NR,Number,LT,Lithuania,2023,,589,,,,,
dataflow,ESTAT:ROAD_EQS_CARHAB$DEFAULTVIEW(1.0),Passenger cars - per thousand inhabitants,A,Annual,NR,Number,LT,Lithuania,2024,,598,,,,,
dataflow,ESTAT:ROAD_EQS_CARHAB$DEFAULTVIEW(1.0),Passenger cars - per thousand inhabitants,A,Annual,NR,Number,LU,Luxembourg,2015,,661,,,,,
dataflow,ESTAT:ROAD_EQS_CARHAB$DEFAULTVIEW(1.0),Passenger cars - per thousand inhabitants,A,Annual,NR,Number,LU,Luxembourg,2016,,662,,b,break in time series,,
dataflow,ESTAT:ROAD_EQS_CARHAB$DEFAULTVIEW(1.0),Passenger cars - per thousand inhabitants,A,Annual,NR,Number,LU,Luxembourg,2017,,670,,,,,
dataflow,ESTAT:ROAD_EQS_CARHAB$DEFAULTVIEW(1.0),Passenger cars - per thousand inhabitants,A,Annual,NR,Number,LU,Luxembourg,2018,,676,,,,,
dataflow,ESTAT:ROAD_EQS_CARHAB$DEFAULTVIEW(1.0),Passenger cars - per thousand inhabitants,A,Annual,NR,Number,LU,Luxembourg,2019,,681,,,,,
dataflow,ESTAT:ROAD_EQS_CARHAB$DEFAULTVIEW(1.0),Passenger cars - per thousand inhabitants,A,Annual,NR,Number,LU,Luxembourg,2020,,682,,,,,
dataflow,ESTAT:ROAD_EQS_CARHAB$DEFAULTVIEW(1.0),Passenger cars - per thousand inhabitants,A,Annual,NR,Number,LU,Luxembourg,2021,,682,,,,,
dataflow,ESTAT:ROAD_EQS_CARHAB$DEFAULTVIEW(1.0),Passenger cars - per thousand inhabitants,A,Annual,NR,Number,LU,Luxembourg,2022,,673,,,,,
dataflow,ESTAT:ROAD_EQS_CARHAB$DEFAULTVIEW(1.0),Passenger cars - per thousand inhabitants,A,Annual,NR,Number,LU,Luxembourg,2023,,675,,,,,
dataflow,ESTAT:ROAD_EQS_CARHAB$DEFAULTVIEW(1.0),Passenger cars - per thousand inhabitants,A,Annual,NR,Number,LU,Luxembourg,2024,,670,,,,,
dataflow,ESTAT:ROAD_EQS_CARHAB$DEFAULTVIEW(1.0),Passenger cars - per thousand inhabitants,A,Annual,NR,Number,LV,Latvia,2015,,345,,,,,
dataflow,ESTAT:ROAD_EQS_CARHAB$DEFAULTVIEW(1.0),Passenger cars - per thousand inhabitants,A,Annual,NR,Number,LV,Latvia,2016,,341,,,,,
dataflow,ESTAT:ROAD_EQS_CARHAB$DEFAULTVIEW(1.0),Passenger cars - per thousand inhabitants,A,Annual,NR,Number,LV,Latvia,2017,,356,,,,,
dataflow,ESTAT:ROAD_EQS_CARHAB$DEFAULTVIEW(1.0),Passenger cars - per thousand inhabitants,A,Annual,NR,Number,LV,Latvia,2018,,369,,,,,
dataflow,ESTAT:ROAD_EQS_CARHAB$DEFAULTVIEW(1.0),Passenger cars - per thousand inhabitants,A,Annual,NR,Number,LV,Latvia,2019,,381,,,,,
dataflow,ESTAT:ROAD_EQS_CARHAB$DEFAULTVIEW(1.0),Passenger cars - per thousand inhabitants,A,Annual,NR,Number,LV,Latvia,2020,,390,,,,,
dataflow,ESTAT:ROAD_EQS_CARHAB$DEFAULTVIEW(1.0),Passenger cars - per thousand inhabitants,A,Annual,NR,Number,LV,Latvia,2021,,404,,,,,
dataflow,ESTAT:ROAD_EQS_CARHAB$DEFAULTVIEW(1.0),Passenger cars - per thousand inhabitants,A,Annual,NR,Number,LV,Latvia,2022,,407,,,,,
dataflow,ESTAT:ROAD_EQS_CARHAB$DEFAULTVIEW(1.0),Passenger cars - per thousand inhabitants,A,Annual,NR,Number,LV,Latvia,2023,,417,,,,,
dataflow,ESTAT:ROAD_EQS_CARHAB$DEFAULTVIEW(1.0),Passenger cars - per thousand inhabitants,A,Annual,NR,Number,LV,Latvia,2024,,424,,,,,
dataflow,ESTAT:ROAD_EQS_CARHAB$DEFAULTVIEW(1.0),Passenger cars - per thousand inhabitants,A,Annual,NR,Number,MD,Moldova,2015,,186,,e,estimated,,
dataflow,ESTAT:ROAD_EQS_CARHAB$DEFAULTVIEW(1.0),Passenger cars - per thousand inhabitants,A,Annual,NR,Number,MD,Moldova,2016,,194,,e,estimated,,
dataflow,ESTAT:ROAD_EQS_CARHAB$DEFAULTVIEW(1.0),Passenger cars - per thousand inhabitants,A,Annual,NR,Number,MD,Moldova,2017,,211,,e,estimated,,
dataflow,ESTAT:ROAD_EQS_CARHAB$DEFAULTVIEW(1.0),Passenger cars - per thousand inhabitants,A,Annual,NR,Number,MD,Moldova,2018,,226,,e,estimated,,
dataflow,ESTAT:ROAD_EQS_CARHAB$DEFAULTVIEW(1.0),Passenger cars - per thousand inhabitants,A,Annual,NR,Number,MD,Moldova,2019,,242,,e,estimated,,
dataflow,ESTAT:ROAD_EQS_CARHAB$DEFAULTVIEW(1.0),Passenger cars - per thousand inhabitants,A,Annual,NR,Number,MD,Moldova,2020,,256,,e,estimated,,
dataflow,ESTAT:ROAD_EQS_CARHAB$DEFAULTVIEW(1.0),Passenger cars - per thousand inhabitants,A,Annual,NR,Number,MD,Moldova,2021,,279,,e,estimated,,
dataflow,ESTAT:ROAD_EQS_CARHAB$DEFAULTVIEW(1.0),Passenger cars - per thousand inhabitants,A,Annual,NR,Number,MD,Moldova,2022,,297,,e,estimated,,
dataflow,ESTAT:ROAD_EQS_CARHAB$DEFAULTVIEW(1.0),Passenger cars - per thousand inhabitants,A,Annual,NR,Number,MD,Moldova,2023,,325,,e,estimated,,
dataflow,ESTAT:ROAD_EQS_CARHAB$DEFAULTVIEW(1.0),Passenger cars - per thousand inhabitants,A,Annual,NR,Number,MD,Moldova,2024,,354,,,,,
dataflow,ESTAT:ROAD_EQS_CARHAB$DEFAULTVIEW(1.0),Passenger cars - per thousand inhabitants,A,Annual,NR,Number,ME,Montenegro,2015,,283,,,,,
dataflow,ESTAT:ROAD_EQS_CARHAB$DEFAULTVIEW(1.0),Passenger cars - per thousand inhabitants,A,Annual,NR,Number,ME,Montenegro,2016,,297,,,,,
dataflow,ESTAT:ROAD_EQS_CARHAB$DEFAULTVIEW(1.0),Passenger cars - per thousand inhabitants,A,Annual,NR,Number,ME,Montenegro,2017,,310,,,,,
dataflow,ESTAT:ROAD_EQS_CARHAB$DEFAULTVIEW(1.0),Passenger cars - per thousand inhabitants,A,Annual,NR,Number,ME,Montenegro,2018,,332,,,,,
dataflow,ESTAT:ROAD_EQS_CARHAB$DEFAULTVIEW(1.0),Passenger cars - per thousand inhabitants,A,Annual,NR,Number,ME,Montenegro,2019,,350,,,,,
dataflow,ESTAT:ROAD_EQS_CARHAB$DEFAULTVIEW(1.0),Passenger cars - per thousand inhabitants,A,Annual,NR,Number,ME,Montenegro,2020,,338,,,,,
dataflow,ESTAT:ROAD_EQS_CARHAB$DEFAULTVIEW(1.0),Passenger cars - per thousand inhabitants,A,Annual,NR,Number,ME,Montenegro,2021,,358,,,,,
dataflow,ESTAT:ROAD_EQS_CARHAB$DEFAULTVIEW(1.0),Passenger cars - per thousand inhabitants,A,Annual,NR,Number,ME,Montenegro,2022,,369,,,,,
dataflow,ESTAT:ROAD_EQS_CARHAB$DEFAULTVIEW(1.0),Passenger cars - per thousand inhabitants,A,Annual,NR,Number,ME,Montenegro,2023,,389,,,,,
dataflow,ESTAT:ROAD_EQS_CARHAB$DEFAULTVIEW(1.0),Passenger cars - per thousand inhabitants,A,Annual,NR,Number,ME,Montenegro,2024,,417,,,,,
dataflow,ESTAT:ROAD_EQS_CARHAB$DEFAULTVIEW(1.0),Passenger cars - per thousand inhabitants,A,Annual,NR,Number,MK,North Macedonia,2015,,185,,e,estimated,,
dataflow,ESTAT:ROAD_EQS_CARHAB$DEFAULTVIEW(1.0),Passenger cars - per thousand inhabitants,A,Annual,NR,Number,MK,North Macedonia,2016,,190,,e,estimated,,
dataflow,ESTAT:ROAD_EQS_CARHAB$DEFAULTVIEW(1.0),Passenger cars - per thousand inhabitants,A,Annual,NR,Number,MK,North Macedonia,2017,,194,,,,,
dataflow,ESTAT:ROAD_EQS_CARHAB$DEFAULTVIEW(1.0),Passenger cars - per thousand inhabitants,A,Annual,NR,Number,MK,North Macedonia,2018,,200,,,,,
dataflow,ESTAT:ROAD_EQS_CARHAB$DEFAULTVIEW(1.0),Passenger cars - per thousand inhabitants,A,Annual,NR,Number,MK,North Macedonia,2019,,205,,,,,
dataflow,ESTAT:ROAD_EQS_CARHAB$DEFAULTVIEW(1.0),Passenger cars - per thousand inhabitants,A,Annual,NR,Number,MK,North Macedonia,2020,,207,,,,,
dataflow,ESTAT:ROAD_EQS_CARHAB$DEFAULTVIEW(1.0),Passenger cars - per thousand inhabitants,A,Annual,NR,Number,MK,North Macedonia,2021,,260,,,,,
dataflow,ESTAT:ROAD_EQS_CARHAB$DEFAULTVIEW(1.0),Passenger cars - per thousand inhabitants,A,Annual,NR,Number,MK,North Macedonia,2022,,264,,,,,
dataflow,ESTAT:ROAD_EQS_CARHAB$DEFAULTVIEW(1.0),Passenger cars - per thousand inhabitants,A,Annual,NR,Number,MK,North Macedonia,2023,,303,,,,,
dataflow,ESTAT:ROAD_EQS_CARHAB$DEFAULTVIEW(1.0),Passenger cars - per thousand inhabitants,A,Annual,NR,Number,MK,North Macedonia,2024,,318,,,,,
dataflow,ESTAT:ROAD_EQS_CARHAB$DEFAULTVIEW(1.0),Passenger cars - per thousand inhabitants,A,Annual,NR,Number,MT,Malta,2015,,612,,,,,
dataflow,ESTAT:ROAD_EQS_CARHAB$DEFAULTVIEW(1.0),Passenger cars - per thousand inhabitants,A,Annual,NR,Number,MT,Malta,2016,,616,,,,,
dataflow,ESTAT:ROAD_EQS_CARHAB$DEFAULTVIEW(1.0),Passenger cars - per thousand inhabitants,A,Annual,NR,Number,MT,Malta,2017,,615,,,,,
dataflow,ESTAT:ROAD_EQS_CARHAB$DEFAULTVIEW(1.0),Passenger cars - per thousand inhabitants,A,Annual,NR,Number,MT,Malta,2018,,609,,,,,
dataflow,ESTAT:ROAD_EQS_CARHAB$DEFAULTVIEW(1.0),Passenger cars - per thousand inhabitants,A,Annual,NR,Number,MT,Malta,2019,,597,,,,,
dataflow,ESTAT:ROAD_EQS_CARHAB$DEFAULTVIEW(1.0),Passenger cars - per thousand inhabitants,A,Annual,NR,Number,MT,Malta,2020,,597,,,,,
dataflow,ESTAT:ROAD_EQS_CARHAB$DEFAULTVIEW(1.0),Passenger cars - per thousand inhabitants,A,Annual,NR,Number,MT,Malta,2021,,602,,,,,
dataflow,ESTAT:ROAD_EQS_CARHAB$DEFAULTVIEW(1.0),Passenger cars - per thousand inhabitants,A,Annual,NR,Number,MT,Malta,2022,,585,,,,,
dataflow,ESTAT:ROAD_EQS_CARHAB$DEFAULTVIEW(1.0),Passenger cars - per thousand inhabitants,A,Annual,NR,Number,MT,Malta,2023,,575,,,,,
dataflow,ESTAT:ROAD_EQS_CARHAB$DEFAULTVIEW(1.0),Passenger cars - per thousand inhabitants,A,Annual,NR,Number,MT,Malta,2024,,576,,,,,
dataflow,ESTAT:ROAD_EQS_CARHAB$DEFAULTVIEW(1.0),Passenger cars - per thousand inhabitants,A,Annual,NR,Number,NL,Netherlands,2015,,477,,,,,
dataflow,ESTAT:ROAD_EQS_CARHAB$DEFAULTVIEW(1.0),Passenger cars - per thousand inhabitants,A,Annual,NR,Number,NL,Netherlands,2016,,481,,,,,
dataflow,ESTAT:ROAD_EQS_CARHAB$DEFAULTVIEW(1.0),Passenger cars - per thousand inhabitants,A,Annual,NR,Number,NL,Netherlands,2017,,487,,,,,
dataflow,ESTAT:ROAD_EQS_CARHAB$DEFAULTVIEW(1.0),Passenger cars - per thousand inhabitants,A,Annual,NR,Number,NL,Netherlands,2018,,489,,,,,
dataflow,ESTAT:ROAD_EQS_CARHAB$DEFAULTVIEW(1.0),Passenger cars - per thousand inhabitants,A,Annual,NR,Number,NL,Netherlands,2019,,493,,,,,
dataflow,ESTAT:ROAD_EQS_CARHAB$DEFAULTVIEW(1.0),Passenger cars - per thousand inhabitants,A,Annual,NR,Number,NL,Netherlands,2020,,497,,,,,
dataflow,ESTAT:ROAD_EQS_CARHAB$DEFAULTVIEW(1.0),Passenger cars - per thousand inhabitants,A,Annual,NR,Number,NL,Netherlands,2021,,502,,,,,
dataflow,ESTAT:ROAD_EQS_CARHAB$DEFAULTVIEW(1.0),Passenger cars - per thousand inhabitants,A,Annual,NR,Number,NL,Netherlands,2022,,501,,,,,
dataflow,ESTAT:ROAD_EQS_CARHAB$DEFAULTVIEW(1.0),Passenger cars - per thousand inhabitants,A,Annual,NR,Number,NL,Netherlands,2023,,505,,,,,
dataflow,ESTAT:ROAD_EQS_CARHAB$DEFAULTVIEW(1.0),Passenger cars - per thousand inhabitants,A,Annual,NR,Number,NL,Netherlands,2024,,513,,,,,
dataflow,ESTAT:ROAD_EQS_CARHAB$DEFAULTVIEW(1.0),Passenger cars - per thousand inhabitants,A,Annual,NR,Number,NO,Norway,2015,,501,,,,,
dataflow,ESTAT:ROAD_EQS_CARHAB$DEFAULTVIEW(1.0),Passenger cars - per thousand inhabitants,A,Annual,NR,Number,NO,Norway,2016,,506,,,,,
dataflow,ESTAT:ROAD_EQS_CARHAB$DEFAULTVIEW(1.0),Passenger cars - per thousand inhabitants,A,Annual,NR,Number,NO,Norway,2017,,514,,,,,
dataflow,ESTAT:ROAD_EQS_CARHAB$DEFAULTVIEW(1.0),Passenger cars - per thousand inhabitants,A,Annual,NR,Number,NO,Norway,2018,,516,,,,,
dataflow,ESTAT:ROAD_EQS_CARHAB$DEFAULTVIEW(1.0),Passenger cars - per thousand inhabitants,A,Annual,NR,Number,NO,Norway,2019,,522,,,,,
dataflow,ESTAT:ROAD_EQS_CARHAB$DEFAULTVIEW(1.0),Passenger cars - per thousand inhabitants,A,Annual,NR,Number,NO,Norway,2020,,544,,,,,
dataflow,ESTAT:ROAD_EQS_CARHAB$DEFAULTVIEW(1.0),Passenger cars - per thousand inhabitants,A,Annual,NR,Number,NO,Norway,2021,,554,,,,,
dataflow,ESTAT:ROAD_EQS_CARHAB$DEFAULTVIEW(1.0),Passenger cars - per thousand inhabitants,A,Annual,NR,Number,NO,Norway,2022,,550,,,,,
dataflow,ESTAT:ROAD_EQS_CARHAB$DEFAULTVIEW(1.0),Passenger cars - per thousand inhabitants,A,Annual,NR,Number,NO,Norway,2023,,521,,,,,
dataflow,ESTAT:ROAD_EQS_CARHAB$DEFAULTVIEW(1.0),Passenger cars - per thousand inhabitants,A,Annual,NR,Number,NO,Norway,2024,,517,,,,,
dataflow,ESTAT:ROAD_EQS_CARHAB$DEFAULTVIEW(1.0),Passenger cars - per thousand inhabitants,A,Annual,NR,Number,PL,Poland,2015,,474,,b,break in time series,,
dataflow,ESTAT:ROAD_EQS_CARHAB$DEFAULTVIEW(1.0),Passenger cars - per thousand inhabitants,A,Annual,NR,Number,PL,Poland,2016,,493,,i,value imputed by Eurostat or other receiving agencies,,
dataflow,ESTAT:ROAD_EQS_CARHAB$DEFAULTVIEW(1.0),Passenger cars - per thousand inhabitants,A,Annual,NR,Number,PL,Poland,2017,,507,,i,value imputed by Eurostat or other receiving agencies,,
dataflow,ESTAT:ROAD_EQS_CARHAB$DEFAULTVIEW(1.0),Passenger cars - per thousand inhabitants,A,Annual,NR,Number,PL,Poland,2018,,524,,i,value imputed by Eurostat or other receiving agencies,,
dataflow,ESTAT:ROAD_EQS_CARHAB$DEFAULTVIEW(1.0),Passenger cars - per thousand inhabitants,A,Annual,NR,Number,PL,Poland,2019,,541,,i,value imputed by Eurostat or other receiving agencies,,
dataflow,ESTAT:ROAD_EQS_CARHAB$DEFAULTVIEW(1.0),Passenger cars - per thousand inhabitants,A,Annual,NR,Number,PL,Poland,2020,,566,,bi,"break in time series, value imputed by Eurostat or other receiving agencies",,
dataflow,ESTAT:ROAD_EQS_CARHAB$DEFAULTVIEW(1.0),Passenger cars - per thousand inhabitants,A,Annual,NR,Number,PL,Poland,2021,,579,,i,value imputed by Eurostat or other receiving agencies,,
dataflow,ESTAT:ROAD_EQS_CARHAB$DEFAULTVIEW(1.0),Passenger cars - per thousand inhabitants,A,Annual,NR,Number,PL,Poland,2022,,584,,i,value imputed by Eurostat or other receiving agencies,,
dataflow,ESTAT:ROAD_EQS_CARHAB$DEFAULTVIEW(1.0),Passenger cars - per thousand inhabitants,A,Annual,NR,Number,PL,Poland,2023,,595,,,,,
dataflow,ESTAT:ROAD_EQS_CARHAB$DEFAULTVIEW(1.0),Passenger cars - per thousand inhabitants,A,Annual,NR,Number,PL,Poland,2024,,629,,b,break in time series,,
dataflow,ESTAT:ROAD_EQS_CARHAB$DEFAULTVIEW(1.0),Passenger cars - per thousand inhabitants,A,Annual,NR,Number,PT,Portugal,2015,,456,,,,,
dataflow,ESTAT:ROAD_EQS_CARHAB$DEFAULTVIEW(1.0),Passenger cars - per thousand inhabitants,A,Annual,NR,Number,PT,Portugal,2016,,469,,,,,
dataflow,ESTAT:ROAD_EQS_CARHAB$DEFAULTVIEW(1.0),Passenger cars - per thousand inhabitants,A,Annual,NR,Number,PT,Portugal,2017,,490,,,,,
dataflow,ESTAT:ROAD_EQS_CARHAB$DEFAULTVIEW(1.0),Passenger cars - per thousand inhabitants,A,Annual,NR,Number,PT,Portugal,2018,,511,,,,,
dataflow,ESTAT:ROAD_EQS_CARHAB$DEFAULTVIEW(1.0),Passenger cars - per thousand inhabitants,A,Annual,NR,Number,PT,Portugal,2019,,525,,,,,
dataflow,ESTAT:ROAD_EQS_CARHAB$DEFAULTVIEW(1.0),Passenger cars - per thousand inhabitants,A,Annual,NR,Number,PT,Portugal,2020,,535,,,,,
dataflow,ESTAT:ROAD_EQS_CARHAB$DEFAULTVIEW(1.0),Passenger cars - per thousand inhabitants,A,Annual,NR,Number,PT,Portugal,2021,,541,,,,,
dataflow,ESTAT:ROAD_EQS_CARHAB$DEFAULTVIEW(1.0),Passenger cars - per thousand inhabitants,A,Annual,NR,Number,PT,Portugal,2022,,549,,,,,
dataflow,ESTAT:ROAD_EQS_CARHAB$DEFAULTVIEW(1.0),Passenger cars - per thousand inhabitants,A,Annual,NR,Number,PT,Portugal,2023,,550,,,,,
dataflow,ESTAT:ROAD_EQS_CARHAB$DEFAULTVIEW(1.0),Passenger cars - per thousand inhabitants,A,Annual,NR,Number,PT,Portugal,2024,,571,,,,,
dataflow,ESTAT:ROAD_EQS_CARHAB$DEFAULTVIEW(1.0),Passenger cars - per thousand inhabitants,A,Annual,NR,Number,RO,Romania,2015,,261,,,,,
dataflow,ESTAT:ROAD_EQS_CARHAB$DEFAULTVIEW(1.0),Passenger cars - per thousand inhabitants,A,Annual,NR,Number,RO,Romania,2016,,279,,,,,
dataflow,ESTAT:ROAD_EQS_CARHAB$DEFAULTVIEW(1.0),Passenger cars - per thousand inhabitants,A,Annual,NR,Number,RO,Romania,2017,,307,,,,,
dataflow,ESTAT:ROAD_EQS_CARHAB$DEFAULTVIEW(1.0),Passenger cars - per thousand inhabitants,A,Annual,NR,Number,RO,Romania,2018,,332,,,,,
dataflow,ESTAT:ROAD_EQS_CARHAB$DEFAULTVIEW(1.0),Passenger cars - per thousand inhabitants,A,Annual,NR,Number,RO,Romania,2019,,357,,e,estimated,,
dataflow,ESTAT:ROAD_EQS_CARHAB$DEFAULTVIEW(1.0),Passenger cars - per thousand inhabitants,A,Annual,NR,Number,RO,Romania,2020,,379,,,,,
dataflow,ESTAT:ROAD_EQS_CARHAB$DEFAULTVIEW(1.0),Passenger cars - per thousand inhabitants,A,Annual,NR,Number,RO,Romania,2021,,400,,e,estimated,,
dataflow,ESTAT:ROAD_EQS_CARHAB$DEFAULTVIEW(1.0),Passenger cars - per thousand inhabitants,A,Annual,NR,Number,RO,Romania,2022,,413,,e,estimated,,
dataflow,ESTAT:ROAD_EQS_CARHAB$DEFAULTVIEW(1.0),Passenger cars - per thousand inhabitants,A,Annual,NR,Number,RO,Romania,2023,,425,,e,estimated,,
dataflow,ESTAT:ROAD_EQS_CARHAB$DEFAULTVIEW(1.0),Passenger cars - per thousand inhabitants,A,Annual,NR,Number,RO,Romania,2024,,444,,e,estimated,,
dataflow,ESTAT:ROAD_EQS_CARHAB$DEFAULTVIEW(1.0),Passenger cars - per thousand inhabitants,A,Annual,NR,Number,RS,Serbia,2015,,259,,,,,
dataflow,ESTAT:ROAD_EQS_CARHAB$DEFAULTVIEW(1.0),Passenger cars - per thousand inhabitants,A,Annual,NR,Number,RS,Serbia,2016,,268,,,,,
dataflow,ESTAT:ROAD_EQS_CARHAB$DEFAULTVIEW(1.0),Passenger cars - per thousand inhabitants,A,Annual,NR,Number,RS,Serbia,2017,,281,,,,,
dataflow,ESTAT:ROAD_EQS_CARHAB$DEFAULTVIEW(1.0),Passenger cars - per thousand inhabitants,A,Annual,NR,Number,RS,Serbia,2018,,287,,,,,
dataflow,ESTAT:ROAD_EQS_CARHAB$DEFAULTVIEW(1.0),Passenger cars - per thousand inhabitants,A,Annual,NR,Number,RS,Serbia,2019,,301,,,,,
dataflow,ESTAT:ROAD_EQS_CARHAB$DEFAULTVIEW(1.0),Passenger cars - per thousand inhabitants,A,Annual,NR,Number,RS,Serbia,2020,,315,,,,,
dataflow,ESTAT:ROAD_EQS_CARHAB$DEFAULTVIEW(1.0),Passenger cars - per thousand inhabitants,A,Annual,NR,Number,RS,Serbia,2021,,329,,,,,
dataflow,ESTAT:ROAD_EQS_CARHAB$DEFAULTVIEW(1.0),Passenger cars - per thousand inhabitants,A,Annual,NR,Number,RS,Serbia,2022,,352,,,,,
dataflow,ESTAT:ROAD_EQS_CARHAB$DEFAULTVIEW(1.0),Passenger cars - per thousand inhabitants,A,Annual,NR,Number,RS,Serbia,2023,,362,,,,,
dataflow,ESTAT:ROAD_EQS_CARHAB$DEFAULTVIEW(1.0),Passenger cars - per thousand inhabitants,A,Annual,NR,Number,RS,Serbia,2024,,377,,,,,
dataflow,ESTAT:ROAD_EQS_CARHAB$DEFAULTVIEW(1.0),Passenger cars - per thousand inhabitants,A,Annual,NR,Number,SE,Sweden,2015,,474,,,,,
dataflow,ESTAT:ROAD_EQS_CARHAB$DEFAULTVIEW(1.0),Passenger cars - per thousand inhabitants,A,Annual,NR,Number,SE,Sweden,2016,,477,,,,,
dataflow,ESTAT:ROAD_EQS_CARHAB$DEFAULTVIEW(1.0),Passenger cars - per thousand inhabitants,A,Annual,NR,Number,SE,Sweden,2017,,479,,,,,
dataflow,ESTAT:ROAD_EQS_CARHAB$DEFAULTVIEW(1.0),Passenger cars - per thousand inhabitants,A,Annual,NR,Number,SE,Sweden,2018,,476,,,,,
dataflow,ESTAT:ROAD_EQS_CARHAB$DEFAULTVIEW(1.0),Passenger cars - per thousand inhabitants,A,Annual,NR,Number,SE,Sweden,2019,,473,,,,,
dataflow,ESTAT:ROAD_EQS_CARHAB$DEFAULTVIEW(1.0),Passenger cars - per thousand inhabitants,A,Annual,NR,Number,SE,Sweden,2020,,476,,,,,
dataflow,ESTAT:ROAD_EQS_CARHAB$DEFAULTVIEW(1.0),Passenger cars - per thousand inhabitants,A,Annual,NR,Number,SE,Sweden,2021,,477,,,,,
dataflow,ESTAT:ROAD_EQS_CARHAB$DEFAULTVIEW(1.0),Passenger cars - per thousand inhabitants,A,Annual,NR,Number,SE,Sweden,2022,,473,,,,,
dataflow,ESTAT:ROAD_EQS_CARHAB$DEFAULTVIEW(1.0),Passenger cars - per thousand inhabitants,A,Annual,NR,Number,SE,Sweden,2023,,472,,,,,
dataflow,ESTAT:ROAD_EQS_CARHAB$DEFAULTVIEW(1.0),Passenger cars - per thousand inhabitants,A,Annual,NR,Number,SE,Sweden,2024,,470,,,,,
dataflow,ESTAT:ROAD_EQS_CARHAB$DEFAULTVIEW(1.0),Passenger cars - per thousand inhabitants,A,Annual,NR,Number,SI,Slovenia,2015,,523,,,,,
dataflow,ESTAT:ROAD_EQS_CARHAB$DEFAULTVIEW(1.0),Passenger cars - per thousand inhabitants,A,Annual,NR,Number,SI,Slovenia,2016,,531,,,,,
dataflow,ESTAT:ROAD_EQS_CARHAB$DEFAULTVIEW(1.0),Passenger cars - per thousand inhabitants,A,Annual,NR,Number,SI,Slovenia,2017,,541,,,,,
dataflow,ESTAT:ROAD_EQS_CARHAB$DEFAULTVIEW(1.0),Passenger cars - per thousand inhabitants,A,Annual,NR,Number,SI,Slovenia,2018,,549,,,,,
dataflow,ESTAT:ROAD_EQS_CARHAB$DEFAULTVIEW(1.0),Passenger cars - per thousand inhabitants,A,Annual,NR,Number,SI,Slovenia,2019,,556,,,,,
dataflow,ESTAT:ROAD_EQS_CARHAB$DEFAULTVIEW(1.0),Passenger cars - per thousand inhabitants,A,Annual,NR,Number,SI,Slovenia,2020,,555,,,,,
dataflow,ESTAT:ROAD_EQS_CARHAB$DEFAULTVIEW(1.0),Passenger cars - per thousand inhabitants,A,Annual,NR,Number,SI,Slovenia,2021,,564,,,,,
dataflow,ESTAT:ROAD_EQS_CARHAB$DEFAULTVIEW(1.0),Passenger cars - per thousand inhabitants,A,Annual,NR,Number,SI,Slovenia,2022,,571,,,,,
dataflow,ESTAT:ROAD_EQS_CARHAB$DEFAULTVIEW(1.0),Passenger cars - per thousand inhabitants,A,Annual,NR,Number,SI,Slovenia,2023,,579,,,,,
dataflow,ESTAT:ROAD_EQS_CARHAB$DEFAULTVIEW(1.0),Passenger cars - per thousand inhabitants,A,Annual,NR,Number,SI,Slovenia,2024,,587,,,,,
dataflow,ESTAT:ROAD_EQS_CARHAB$DEFAULTVIEW(1.0),Passenger cars - per thousand inhabitants,A,Annual,NR,Number,SK,Slovakia,2015,,375,,,,,
dataflow,ESTAT:ROAD_EQS_CARHAB$DEFAULTVIEW(1.0),Passenger cars - per thousand inhabitants,A,Annual,NR,Number,SK,Slovakia,2016,,390,,,,,
dataflow,ESTAT:ROAD_EQS_CARHAB$DEFAULTVIEW(1.0),Passenger cars - per thousand inhabitants,A,Annual,NR,Number,SK,Slovakia,2017,,408,,,,,
dataflow,ESTAT:ROAD_EQS_CARHAB$DEFAULTVIEW(1.0),Passenger cars - per thousand inhabitants,A,Annual,NR,Number,SK,Slovakia,2018,,426,,,,,
dataflow,ESTAT:ROAD_EQS_CARHAB$DEFAULTVIEW(1.0),Passenger cars - per thousand inhabitants,A,Annual,NR,Number,SK,Slovakia,2019,,439,,,,,
dataflow,ESTAT:ROAD_EQS_CARHAB$DEFAULTVIEW(1.0),Passenger cars - per thousand inhabitants,A,Annual,NR,Number,SK,Slovakia,2020,,447,,,,,
dataflow,ESTAT:ROAD_EQS_CARHAB$DEFAULTVIEW(1.0),Passenger cars - per thousand inhabitants,A,Annual,NR,Number,SK,Slovakia,2021,,459,,,,,
dataflow,ESTAT:ROAD_EQS_CARHAB$DEFAULTVIEW(1.0),Passenger cars - per thousand inhabitants,A,Annual,NR,Number,SK,Slovakia,2022,,471,,,,,
dataflow,ESTAT:ROAD_EQS_CARHAB$DEFAULTVIEW(1.0),Passenger cars - per thousand inhabitants,A,Annual,NR,Number,SK,Slovakia,2023,,487,,,,,
dataflow,ESTAT:ROAD_EQS_CARHAB$DEFAULTVIEW(1.0),Passenger cars - per thousand inhabitants,A,Annual,NR,Number,SK,Slovakia,2024,,502,,,,,
dataflow,ESTAT:ROAD_EQS_CARHAB$DEFAULTVIEW(1.0),Passenger cars - per thousand inhabitants,A,Annual,NR,Number,TR,Türkiye,2015,,134,,,,,
dataflow,ESTAT:ROAD_EQS_CARHAB$DEFAULTVIEW(1.0),Passenger cars - per thousand inhabitants,A,Annual,NR,Number,TR,Türkiye,2016,,142,,,,,
dataflow,ESTAT:ROAD_EQS_CARHAB$DEFAULTVIEW(1.0),Passenger cars - per thousand inhabitants,A,Annual,NR,Number,TR,Türkiye,2017,,149,,,,,
dataflow,ESTAT:ROAD_EQS_CARHAB$DEFAULTVIEW(1.0),Passenger cars - per thousand inhabitants,A,Annual,NR,Number,TR,Türkiye,2018,,151,,be,"break in time series, estimated",,
dataflow,ESTAT:ROAD_EQS_CARHAB$DEFAULTVIEW(1.0),Passenger cars - per thousand inhabitants,A,Annual,NR,Number,TR,Türkiye,2019,,150,,,,,
dataflow,ESTAT:ROAD_EQS_CARHAB$DEFAULTVIEW(1.0),Passenger cars - per thousand inhabitants,A,Annual,NR,Number,TR,Türkiye,2020,,157,,,,,
dataflow,ESTAT:ROAD_EQS_CARHAB$DEFAULTVIEW(1.0),Passenger cars - per thousand inhabitants,A,Annual,NR,Number,TR,Türkiye,2021,,162,,,,,
dataflow,ESTAT:ROAD_EQS_CARHAB$DEFAULTVIEW(1.0),Passenger cars - per thousand inhabitants,A,Annual,NR,Number,TR,Türkiye,2022,,167,,,,,
dataflow,ESTAT:ROAD_EQS_CARHAB$DEFAULTVIEW(1.0),Passenger cars - per thousand inhabitants,A,Annual,NR,Number,TR,Türkiye,2023,,178,,,,,
dataflow,ESTAT:ROAD_EQS_CARHAB$DEFAULTVIEW(1.0),Passenger cars - per thousand inhabitants,A,Annual,NR,Number,TR,Türkiye,2024,,189,,,,,
dataflow,ESTAT:ROAD_EQS_CARHAB$DEFAULTVIEW(1.0),Passenger cars - per thousand inhabitants,A,Annual,NR,Number,UA,Ukraine,2020,,,,m,missing value; data cannot exist,,
dataflow,ESTAT:ROAD_EQS_CARHAB$DEFAULTVIEW(1.0),Passenger cars - per thousand inhabitants,A,Annual,NR,Number,UA,Ukraine,2022,,,,m,missing value; data cannot exist,,
dataflow,ESTAT:ROAD_EQS_CARHAB$DEFAULTVIEW(1.0),Passenger cars - per thousand inhabitants,A,Annual,NR,Number,UA,Ukraine,2023,,,,m,missing value; data cannot exist,,
dataflow,ESTAT:ROAD_EQS_CARHAB$DEFAULTVIEW(1.0),Passenger cars - per thousand inhabitants,A,Annual,NR,Number,UA,Ukraine,2024,,,,m,missing value; data cannot exist,,
dataflow,ESTAT:ROAD_EQS_CARHAB$DEFAULTVIEW(1.0),Passenger cars - per thousand inhabitants,A,Annual,NR,Number,UK,United Kingdom,2015,,463,,,,,
dataflow,ESTAT:ROAD_EQS_CARHAB$DEFAULTVIEW(1.0),Passenger cars - per thousand inhabitants,A,Annual,NR,Number,UK,United Kingdom,2016,,469,,,,,
dataflow,ESTAT:ROAD_EQS_CARHAB$DEFAULTVIEW(1.0),Passenger cars - per thousand inhabitants,A,Annual,NR,Number,UK,United Kingdom,2017,,471,,,,,
dataflow,ESTAT:ROAD_EQS_CARHAB$DEFAULTVIEW(1.0),Passenger cars - per thousand inhabitants,A,Annual,NR,Number,UK,United Kingdom,2018,,473,,,,,
dataflow,ESTAT:ROAD_EQS_CARHAB$DEFAULTVIEW(1.0),Passenger cars - per thousand inhabitants,A,Annual,NR,Number,UK,United Kingdom,2020,,,,m,missing value; data cannot exist,,
dataflow,ESTAT:ROAD_EQS_CARHAB$DEFAULTVIEW(1.0),Passenger cars - per thousand inhabitants,A,Annual,NR,Number,UK,United Kingdom,2021,,476,,i,value imputed by Eurostat or other receiving agencies,,
dataflow,ESTAT:ROAD_EQS_CARHAB$DEFAULTVIEW(1.0),Passenger cars - per thousand inhabitants,A,Annual,NR,Number,UK,United Kingdom,2022,,480,,i,value imputed by Eurostat or other receiving agencies,,
dataflow,ESTAT:ROAD_EQS_CARHAB$DEFAULTVIEW(1.0),Passenger cars - per thousand inhabitants,A,Annual,NR,Number,UK,United Kingdom,2023,,486,,i,value imputed by Eurostat or other receiving agencies,,
dataflow,ESTAT:ROAD_EQS_CARHAB$DEFAULTVIEW(1.0),Passenger cars - per thousand inhabitants,A,Annual,NR,Number,XK,Kosovo*,2015,,159,,e,estimated,,
dataflow,ESTAT:ROAD_EQS_CARHAB$DEFAULTVIEW(1.0),Passenger cars - per thousand inhabitants,A,Annual,NR,Number,XK,Kosovo*,2016,,146,,e,estimated,,
dataflow,ESTAT:ROAD_EQS_CARHAB$DEFAULTVIEW(1.0),Passenger cars - per thousand inhabitants,A,Annual,NR,Number,XK,Kosovo*,2017,,152,,,,,
dataflow,ESTAT:ROAD_EQS_CARHAB$DEFAULTVIEW(1.0),Passenger cars - per thousand inhabitants,A,Annual,NR,Number,XK,Kosovo*,2018,,156,,,,,
dataflow,ESTAT:ROAD_EQS_CARHAB$DEFAULTVIEW(1.0),Passenger cars - per thousand inhabitants,A,Annual,NR,Number,XK,Kosovo*,2019,,163,,i,value imputed by Eurostat or other receiving agencies,,
dataflow,ESTAT:ROAD_EQS_CARHAB$DEFAULTVIEW(1.0),Passenger cars - per thousand inhabitants,A,Annual,NR,Number,XK,Kosovo*,2020,,163,,,,,
dataflow,ESTAT:ROAD_EQS_CARHAB$DEFAULTVIEW(1.0),Passenger cars - per thousand inhabitants,A,Annual,NR,Number,XK,Kosovo*,2021,,182,,,,,
dataflow,ESTAT:ROAD_EQS_CARHAB$DEFAULTVIEW(1.0),Passenger cars - per thousand inhabitants,A,Annual,NR,Number,XK,Kosovo*,2022,,191,,i,value imputed by Eurostat or other receiving agencies,,
dataflow,ESTAT:ROAD_EQS_CARHAB$DEFAULTVIEW(1.0),Passenger cars - per thousand inhabitants,A,Annual,NR,Number,XK,Kosovo*,2023,,208,,i,value imputed by Eurostat or other receiving agencies,,
dataflow,ESTAT:ROAD_EQS_CARHAB$DEFAULTVIEW(1.0),Passenger cars - per thousand inhabitants,A,Annual,NR,Number,XK,Kosovo*,2024,,232,,i,value imputed by Eurostat or other receiving agencies,,
