geo,year,demo_r_d3dens,diesel_price_ht,env_air_gge,gdp_per_capita,nrg_ind_ren,road_eqs_carhab,road_eqs_carmot
CY,2005,79.8,478.6918367346939,2113.37,,3.131,477.0,33000.0
CY,2006,81.2,534.219387755102,2100.46,,3.263,492.0,32000.0
CY,2007,82.9,541.6,2237.27,,4.001,529.0,36000.0
CY,2008,85.4,694.4989795918367,2327.02,,5.131,557.0,40000.0
CY,2009,87.7,468.0702,2328.87,,5.92,563.0,44000.0
CY,2010,90.0,572.5577551020408,2374.87,,6.161,551.0,46000.0
CY,2011,92.3,747.754693877551,2304.17,,6.245,545.0,48000.0
CY,2012,93.8,816.9444897959183,2129.28,,7.111,549.0,49000.0
CY,2013,93.5,781.9368,1915.87,,8.428,552.0,50478.0
CY,2014,92.5,735.3671428571428,1848.63,,9.144,556.0,54870.0
CY,2015,92.0,569.6812244897959,1911.4,,9.903,565.0,60592.0
CY,2016,92.4,484.9574,2029.72,,9.833,584.0,70264.0
CY,2017,93.3,549.354,2093.61,,10.478,599.0,83505.0
CY,2018,94.4,637.9274,2105.41,,13.873,619.0,99381.0
CY,2019,95.7,625.4310204081632,2132.35,,13.777,634.0,114291.0
CY,2020,95.7,525.7984,1909.65,,16.879,632.0,123622.0
CY,2021,96.8,667.0004081632653,1936.86,,19.069,637.0,129661.0
CY,2022,100.6,1110.2933333333333,1993.37,,19.427,633.0,129536.0
CY,2023,104.0,934.9365384615384,2160.72,,20.213,647.0,133556.0
DE,2005,230.9,447.60755102040815,157059.99,32763.616327,7.167,559.0,10091000.0
DE,2006,230.7,487.3089795918367,161970.62,35256.416836,8.466,566.0,10820000.0
DE,2007,230.4,502.6179591836735,153820.45,37494.809238,10.039,501.0,10046000.0
DE,2008,229.9,645.8263265306122,158814.01,39078.248689,10.072,504.0,10290000.0
DE,2009,229.3,426.8936,153350.02,38222.823256,10.851,510.0,10818000.0
DE,2010,229.0,537.8273469387756,151639.28,40452.445425,11.667,527.0,11267000.0
DE,2011,224.8,691.7508163265306,153548.28,43384.111667,12.47,534.0,11891000.0
DE,2012,225.2,783.518775510204,151894.01,44234.495586,13.549,539.0,12579000.0
DE,2013,225.8,731.1958,156171.22,45949.484517,13.757,543.0,13215000.0
DE,2014,226.5,673.2289795918367,155063.66,48060.809841,14.381,547.0,13861000.0
DE,2015,228.4,520.8028571428572,162928.41,48770.474333,14.901,548.0,14532000.0
DE,2016,233.1,439.7342,164863.97,51858.712082,14.885,555.0,15089392.0
DE,2017,234.0,509.6336,166444.67,54551.287282,15.472,561.0,15237472.0
DE,2018,234.7,602.2724,166727.6,56833.938216,16.66,567.0,15179677.0
DE,2019,235.2,583.861224489796,165533.87,59953.085922,17.266,574.0,15202076.0
DE,2020,235.2,474.2028,147163.43,59444.321161,19.09,580.0,15270342.0
DE,2021,235.4,696.741224489796,145446.27,63548.21742,19.302,583.0,15179992.0
DE,2022,235.4,1207.734705882353,149036.26,70217.397604,20.829,587.0,14915009.0
DE,2023,235.8,908.21,146079.49,72262.483672,21.512,588.0,14772094.0
EL,2005,84.0,,21820.72,25003.752867,7.277,391.0,
EL,2006,84.2,,22513.24,28076.03072,7.458,412.0,
EL,2007,84.5,,23130.92,28895.806984,8.249,434.0,
EL,2008,84.7,,22414.08,30440.895936,8.183,453.0,
EL,2009,84.9,,25231.06,29963.390193,8.731,462.0,
EL,2010,85.0,,22447.65,27838.636676,10.077,469.0,
EL,2011,84.1,,20093.8,25692.466663,11.153,469.0,
EL,2012,83.6,,16723.65,24582.984292,13.741,470.0,
EL,2013,83.0,,16502.58,25730.8709,15.326,469.0,
EL,2014,82.5,,16529.89,26450.27745,15.683,471.0,
EL,2015,82.7,,17076.24,26607.641686,15.69,474.0,
EL,2016,82.4,,17414.32,27504.550293,15.39,479.0,
EL,2017,82.2,,17188.08,28681.647785,17.3,487.0,
EL,2018,82.5,,17419.2,29792.027759,18.001,493.0,
EL,2019,82.4,,17810.35,31927.426031,19.633,504.0,
EL,2020,82.4,,15275.55,29533.138274,21.749,514.0,
EL,2021,82.3,,16704.88,33306.80097,22.001,536.0,
EL,2022,80.3,,17908.58,38920.636135,22.671,550.0,
EL,2023,80.0,,17536.95,42044.890531,25.269,565.0,
FR,2005,99.6,438.61,142321.99,30536.043829,9.272,476.0,14348000.0
FR,2006,100.2,485.4767346938776,141649.97,32540.301896,8.936,478.0,15143000.0
FR,2007,100.9,486.4159183673469,140101.41,34195.447103,9.426,480.0,15922000.0
FR,2008,101.4,641.6438775510204,133697.28,35192.163357,11.188,,
FR,2009,101.9,410.0764,133160.3,34827.880811,12.215,486.0,
FR,2010,102.4,527.4914285714286,133939.05,36061.853652,12.671,538.0,
FR,2011,102.9,677.0579591836733,135113.58,37675.170698,10.813,540.0,21655548.0
FR,2012,103.4,737.8402040816326,133435.28,37841.445959,13.239,542.0,22265274.0
FR,2013,103.9,690.4232000000001,133060.24,39772.553683,13.88,546.0,22988251.0
FR,2014,104.6,636.2591836734694,132614.53,40395.427694,14.362,551.0,23462729.0
FR,2015,105.1,481.7042857142857,134147.92,41049.660974,14.803,558.0,23770158.0
FR,2016,105.3,407.5322,134532.43,42984.007884,15.451,564.0,23896213.0
FR,2017,105.6,479.059,134441.07,44527.741486,15.847,569.0,23808937.0
FR,2018,105.9,589.0632,131859.57,46397.189077,16.384,568.0,23256662.0
FR,2019,106.1,589.799387755102,131114.04,51119.874507,17.174,569.0,22679025.0
FR,2020,106.3,441.3132,110233.31,49462.885531,19.109,568.0,22116864.0
FR,2021,106.6,583.4722448979592,124342.74,52442.948742,19.391,570.0,21553559.0
FR,2022,107.6,928.0419607843136,128634.79,57001.58454,20.33,571.0,20831620.0
FR,2023,107.9,886.9240384615385,123430.54,60927.2735,22.462,575.0,20129451.0
HU,2005,108.4,467.89530612244897,12087.43,17091.276145,6.931,287.0,362000.0
HU,2006,108.3,521.3275510204081,12855.1,18361.996359,7.433,319.0,498000.0
HU,2007,108.1,521.6906122448979,13144.7,19089.293727,8.575,325.0,550000.0
HU,2008,107.9,681.8067346938775,13128.18,20708.761512,8.564,305.0,591000.0
HU,2009,107.7,456.2796,13043.61,20691.448571,11.673,301.0,604400.0
HU,2010,107.5,562.19,11727.8,21690.986596,12.742,299.0,619810.0
HU,2011,107.2,719.7742857142857,11104.09,22992.218466,13.972,299.0,642670.0
HU,2012,106.6,791.6575510204082,10775.32,23221.166963,15.53,301.0,683260.0
HU,2013,106.4,747.7432000000001,10050.99,24591.637972,16.205,309.0,740114.0
HU,2014,108.1,698.4963265306122,11212.69,25796.210176,14.618,317.0,809523.0
HU,2015,107.9,554.4202040816326,12232.51,26937.732143,14.495,327.0,888874.0
HU,2016,107.6,471.1234,12263.34,28178.94493,14.377,340.0,970997.0
HU,2017,107.3,540.679,13061.7,29728.012222,13.556,357.0,1055268.0
HU,2018,107.1,622.9846,13873.81,32258.257766,12.548,375.0,1131685.0
HU,2019,107.1,617.9587755102041,14708.37,35627.231655,12.634,393.0,1199155.0
HU,2020,107.1,493.0146,12588.29,35583.585618,13.85,406.0,1241967.0
HU,2021,106.9,657.0675510204082,13943.19,38887.190953,14.134,418.0,1272218.0
HU,2022,105.3,913.8996078431372,15064.01,44232.436411,15.128,426.0,1294087.0
HU,2023,105.1,975.256923076923,13969.32,46376.198016,17.117,435.0,1315322.0
RO,2005,94.1,,12584.76,,17.571,158.0,
RO,2006,93.9,,13047.72,,17.096,152.0,
RO,2007,93.7,,13650.91,,18.195,172.0,
RO,2008,93.6,666.8889795918368,15227.97,,20.204,197.0,1125000.0
RO,2009,93.4,450.7052,15168.49,,22.157,209.0,1235000.0
RO,2010,93.2,551.9420408163265,14220.26,,22.834,214.0,1328000.0
RO,2011,93.0,692.5777551020408,14346.04,,21.743,216.0,1381000.0
RO,2012,87.1,759.9200000000001,15230.84,,22.825,224.0,1480000.0
RO,2013,86.9,728.3278,15047.26,,23.886,235.0,1606356.0
RO,2014,86.6,694.1214285714285,15597.28,,24.845,247.0,1741719.0
RO,2015,86.1,538.4630612244898,15706.86,,24.785,261.0,1906195.0
RO,2016,85.6,467.5386,16792.64,,25.032,279.0,2120151.0
RO,2017,85.2,525.6204,17935.04,,24.454,307.0,2516380.0
RO,2018,83.1,628.2636,18427.54,,23.875,332.0,2892922.0
RO,2019,82.7,608.4526530612245,18917.21,,24.29,357.0,3233944.0
RO,2020,82.7,474.7542,18357.95,,24.478,379.0,3518101.0
RO,2021,82.2,620.805918367347,19557.73,,23.871,400.0,3779497.0
RO,2022,81.3,1051.9372549019608,21158.52,,24.229,413.0,3963472.0
RO,2023,81.4,885.8661538461539,22124.76,,25.758,425.0,4125373.0
SI,2005,99.3,444.7910204081632,4401.53,23678.358919,19.809,479.0,205000.0
SI,2006,99.6,492.4504081632653,4637.57,25558.568581,18.416,487.0,237000.0
SI,2007,99.8,492.0544897959184,5240.23,27457.925697,19.675,504.0,278000.0
SI,2008,100.4,647.0644897959183,6159.43,29451.362317,18.646,514.0,312960.0
SI,2009,101.3,409.7816,5159.04,27202.074838,20.765,517.0,344176.0
SI,2010,101.7,522.6744897959184,5299.52,27576.22243,21.081,518.0,367500.0
SI,2011,101.9,672.7516326530613,5649.79,28715.673819,20.937,519.0,388560.0
SI,2012,102.2,738.7089795918367,5668.41,28792.167923,21.551,518.0,410020.0
SI,2013,102.3,694.1096000000001,5367.58,29639.918271,23.16,518.0,429303.0
SI,2014,102.4,654.0612244897959,5383.57,30574.654323,22.459,518.0,450422.0
SI,2015,102.4,490.8022448979592,5353.93,31339.762298,22.879,523.0,473665.0
SI,2016,102.5,393.6586,5726.99,33581.830353,21.975,531.0,500659.0
SI,2017,102.6,461.8744,5856.36,36189.974505,21.658,541.0,528809.0
SI,2018,102.9,567.937,5834.82,38656.349114,21.378,549.0,555500.0
SI,2019,103.7,555.8520408163265,5624.64,42360.50795,21.968,556.0,577772.0
SI,2020,103.7,406.3966,4575.11,41759.657287,25.0,555.0,588692.0
SI,2021,104.4,581.9820408163265,5204.63,45930.296258,25.0,564.0,601917.0
SI,2022,104.8,955.1215686274512,5793.2,52388.733339,25.002,571.0,605424.0
SI,2023,105.3,807.3036538461539,5363.65,56148.508896,25.066,579.0,607546.0
